label	original_label	superfamily
Academ-3_HM	Academ-3_HM  	Academ
Academ-2_BF	Academ-2_BF   	Academ
Academ-4_SP	Academ-4_SP 	Academ
Academ-2_HM	Academ-2_HM  	Academ
Academ-1_AP	Academ-1_AP    	Academ
Academ-1_CapTel	Academ-1_CapTel  	Academ
Academ-1_CSa	Academ-1_CSa 	Academ
Academ-1_Dpulex	Academ-1_Dpulex   	Academ
Academ-1_Lgigantea	Academ-1_Lgigantea   	Academ
Academ-3_CS	Academ-3_CS 	Academ
Academ-1_Aplcal	Academ-1_Aplcal 	Academ
Academ-1_NV	Academ-1_NV 	Academ
Academ-4_BF	Academ-4_BF 	Academ
Academ-1_BF	Academ-1_BF  	Academ
Academ-2_CS	Academ-2_CS  	Academ
Academ-1_SP	Academ-1_SP  	Academ
CACTA-1_PB	CACTA-1_PB 	CMC
SmTRC1	SmTRC1 	CMC
ENSPM-6_DR	ENSPM-6_DR  	CMC
EnSpm-7_HM	EnSpm-7_HM 	CMC
EnSpm-2_NVi	EnSpm-2_NVi  	CMC
EnSpm-3_DR	EnSpm-3_DR 	CMC
EnSpm-16_HM	EnSpm-16_HM 	CMC
CACTA-3_AA	CACTA-3_AA  	CMC
CACTA-2_AA	CACTA-2_AA  	CMC
EnSpm-5_DR	EnSpm-5_DR    	CMC
CACTA-1_Dpulex	CACTA-1_Dpulex  	CMC
CACTA-1_Ccinerea	CACTA-1_Ccinerea 	CMC
EnSpm-1_BF	EnSpm-1_BF  	CMC
CACTA-1_Roryzae	CACTA-1_Roryzae	CMC
CACTA-1_Mlaricis	CACTA-1_Mlaricis  	CMC
CACTA-2_Mlaricis	CACTA-2_Mlaricis  	CMC
ATENSPM10	ATENSPM10   	CMC
MIRAGE1_CB	MIRAGE1_CB 	CMC
MIRAGE1	MIRAGE1  	CMC
Chapaev-1_CE	Chapaev-1_CE  	CMC
Chapaev3-5_PM	Chapaev3-5_PM  	CMC
Chapaev-1_AA	Chapaev-1_AA 	CMC
Chapaev-1_ACa	Chapaev-1_ACa 	CMC
Chapaev-2_BF	Chapaev-2_BF  	CMC
Chapaev-6_HM	Chapaev-6_HM  	CMC
Chapaev-9_HM	Chapaev-9_HM  	CMC
Chapaev-1_HM	Chapaev-1_HM  	CMC
Ginger1-12_HM	Ginger1-12_HM	Ginger
Ginger1-1_AC	Ginger1-1_AC 	Ginger
Ginger1-1_AP	Ginger1-1_AP  	Ginger
Ginger1-1_HM	Ginger1-1_HM 	Ginger
Ginger1-8_HM	Ginger1-8_HM 	Ginger
Ginger1-1_BF	Ginger1-1_BF 	Ginger
TDD-4	TDD-4	Ginger
Ginger2-1_NV	Ginger2-1_NV 	Ginger
Ginger2-2_NV	Ginger2-2_NV 	Ginger
Ginger2-1_MG	Ginger2-1_MG	Ginger
Ginger2-1_HM	Ginger2-1_HM  	Ginger
Ginger2-1_LS	Ginger2-1_LS 	Ginger
Ginger2-1_BF	Ginger2-1_BF	Ginger
Ginger2-1_TS	Ginger2-1_TS 	Ginger
hATw-1_CCo	hATw-1_CCo  	hAT
hATw-1_LB	hATw-1_LB  	hAT
hATw-1_HM	hATw-1_HM	hAT
hATw-4_BF	hATw-4_BF 	hAT
hATw-2_SP	hATw-2_SP 	hAT
hATw-5_BF	hATw-5_BF	hAT
hATw-1_BF	hATw-1_BF  	hAT
hATw-3_BF	hATw-3_BF	hAT
hAT-1_TV	hAT-1_TV 	hAT
hAT-2_TV	hAT-2_TV 	hAT
Hopers3	Hopers3 	hAT
hATx-4_HM	hATx-4_HM	hAT
hATx-1_SM	hATx-1_SM 	hAT
hATx-5_SM	*hATx-5_SM 	hAT
hAT-1_AA	hAT-1_AA 	hAT
hATx-3_SM	hATx-3_SM 	hAT
hATx-5_HM	hATx-5_HM 	hAT
hAT-9_SBi	hAT-9_SBi	hAT
Tag1	Tag1 	hAT
hAT-2_HM	hAT-2_HM	hAT
hAT-44_HM	hAT-44_HM	hAT
hAT-1_HM	hAT-1_HM	hAT
hAT-2_SD	hAT-2_SD	hAT
hAT-17_ZM	hAT-17_ZM   	hAT
hAT-13_SBi	hAT-13_SBi 	hAT
TAG2	TAG2  	hAT
ATHAT7	ATHAT7 	hAT
HAT2_MT	HAT2_MT 	hAT
TAM3	TAM3 	hAT
ATHAT10	ATHAT10 	hAT
ZhAT3_ZM	ZhAT3_ZM 	hAT
CHAPKA1_EM	*CHAPKA1_EM  	hAT
hAT-79_HM	hAT-79_HM	hAT
Hobo	Hobo 	hAT
Hoana3	Hoana3	hAT
hAT-26_HM	hAT-26_HM   	hAT
hAT-37_HM	hAT-37_HM 	hAT
hAT-28_HM	hAT-28_HM 	hAT
hAT-27_HM	hAT-27_HM 	hAT
hAT-30_HM	hAT-30_HM	hAT
hAT-9_XT	hAT-9_XT 	hAT
hAT-66_HM	hAT-66_HM 	hAT
hAT-11_HM	hAT-11_HM 	hAT
Homo7	Homo7 	hAT
hAT-14_HM	hAT-14_HM 	hAT
HAT1_AG	HAT1_AG	hAT
HAT1_DR	HAT1_DR	hAT
hAT-1_DP	hAT-1_DP 	hAT
hAT-52_HM	hAT-52_HM	hAT
hAT-1_SP	hAT-1_SP 	hAT
hAT-2_BF	hAT-2_BF	hAT
hAT-4_DR	hAT-4_DR 	hAT
hAT-13_HM	hAT-13_HM	hAT
hAT1-1_NV	hAT1-1_NV 	hAT
hAT-28_SM	hAT-28_SM 	hAT
hAT-76_HM	hAT-76_HM 	hAT
hAT-35_HM	hAT-35_HM 	hAT
hAT-45_HM	hAT-45_HM 	hAT
hAT-74_HM	hAT-74_HM	hAT
hAT6-1_SP	hAT6-1_SP	hAT
hAT6-1_NV	hAT6-1_NV 	hAT
hAT-29_HM	hAT-29_HM 	hAT
hAT-25_HM	hAT-25_HM 	hAT
hAT-4_BF	hAT-4_BF 	hAT
hAT-3_BF	hAT-3_BF 	hAT
hAT-82_HMa	hAT-82_HMa 	hAT
hAT-40_HM	hAT-40_HM	hAT
hAT-39_HM	hAT-39_HM	hAT
TIP100	*TIP100   	hAT
hAT-22_SM	hAT-22_SM 	hAT
hAT-37_SM	hAT-37_SM 	hAT
hAT-7_HM	*hAT-7_HM 	hAT
hAT-20_SM	hAT-20_SM	hAT
hAT-34_HM	hAT-34_HM 	hAT
hAT-23_HM	hAT-23_HM 	hAT
hAT-41_HM	hAT-41_HM 	hAT
hAT-22_HM	hAT-22_HM  	hAT
SPIN_Og	SPIN_Og 	hAT
hAT-14_SM	*hAT-14_SM  	hAT
hAT-2_XT	hAT-2_XT	hAT
hAT-2_SM	hAT-2_SM 	hAT
hAT-5_DR	hAT-5_DR 	hAT
hAT-42_SM	hAT-42_SM 	hAT
hAT-12_SM	*hAT-12_SM 	hAT
hAT-19_HM	*hAT-19_HM 	hAT
hAT-5_SM	hAT-5_SM 	hAT
hAT-11_XT	hAT-11_XT 	hAT
hAT-3_DR	hAT-3_DR	hAT
hAT-18_HM	hAT-18_HM	hAT
hAT-20_HM	hAT-20_HM 	hAT
hAT-36_SM	hAT-36_SM	hAT
Gulliver	Gulliver 	hAT
hAT-31_HM	hAT-31_HM	hAT
hAT5-3_NV	*hAT5-3_NV 	hAT
hAT-30_SM	hAT-30_SM 	hAT
hATm-4_HM	hATm-4_HM  	hAT
hATm-39_HM	hATm-39_HM  	hAT
hATm-1_HM	hATm-1_HM  	hAT
hATm-57_HM	hATm-57_HM 	hAT
hATm-38_HM	hATm-38_HM 	hAT
hATm-29_HM	hATm-29_HM	hAT
hAT-9_SM	hAT-9_SM 	hAT
hATm-1_AA	hATm-1_AA	hAT
hATm-3_AA	hATm-3_AA	hAT
hATm-2_AA	hATm-2_AA	hAT
hATm-35_HM	hATm-35_HM	hAT
hATm-4_HR	hATm-4_HR	hAT
hATm-2_HR	*hATm-2_HR  	hAT
hAT-4D_AP	hAT-4D_AP 	hAT
hATm-20_HM	hATm-20_HM 	hAT
hATm-3_HR	hATm-3_HR	hAT
hATm-1_CS	*hATm-1_CS 	hAT
hATm-1_SM	*hATm-1_SM 	hAT
hATm-55_HM	hATm-55_HM	hAT
hATm-45_HM	hATm-45_HM 	hAT
hATm-47_HM	hATm-47_HM 	hAT
hATm-21_HM	hATm-21_HM 	hAT
hATx-7_HM	hATx-7_HM 	hAT
hATm-7_HM	hATm-7_HM  	hAT
Kolobok-4_TV	Kolobok-4_TV	Kolobok
Kolobok-1_MicRcc299	Kolobok-1_MicRcc299 	Kolobok
Kolobok-1_FraCyl	Kolobok-1_FraCyl 	Kolobok
Kolobok-1_AA	Kolobok-1_AA   	Kolobok
Kolobok-1_Ppac	Kolobok-1_Ppac 	Kolobok
Kolobok1-1_SP	Kolobok1-1_SP	Kolobok
Kolobok-2_Aplcal	Kolobok-2_Aplcal  	Kolobok
Kolobok-1_Aplcal	Kolobok-1_Aplcal 	Kolobok
Kolobok-1_NVi	Kolobok-1_NVi   	Kolobok
Kolobok-19_HMa	Kolobok-19_HMa  	Kolobok
Kolobok-1_NV	Kolobok-1_NV 	Kolobok
Kolobok-1_DR	Kolobok-1_DR    	Kolobok
Kolobok-1_CS	Kolobok-1_CS 	Kolobok
Kolobok-1_XT	Kolobok-1_XT    	Kolobok
Kolobok-2_TV	Kolobok-2_TV	Kolobok
Kolobok-1_NaeGru	Kolobok-1_NaeGru 	Kolobok
Kolobok-1_TV	Kolobok-1_TV	Kolobok
Kolobok-3_TV	Kolobok-3_TV	Kolobok
MERLIN1_SM	MERLIN1_SM 	Merlin
MERLIN4_SM	MERLIN4_SM	Merlin
Merlin10_SM	Merlin10_SM	Merlin
Merlin5_SM	Merlin5_SM	Merlin
Merlin1_CB	Merlin1_CB 	Merlin
Merlin-1_Psojae	Merlin-1_Psojae 	Merlin
Merlin-1_Smo	Merlin-1_Smo 	Merlin
Merlin-1_Hrobusta	Merlin-1_Hrobusta 	Merlin
Merlin-1_Aplcal	Merlin-1_Aplcal 	Merlin
Merlin1_CI	Merlin1_CI 	Merlin
Merlin-1_Roryzae	Merlin-1_Roryzae 	Merlin
Merlin-4_Roryzae	Merlin-4_Roryzae 	Merlin
MULE1_EI	MULE1_EI	MULE
MuDR1_TP	MuDR1_TP  	MULE
MuDR1_SM	MuDR1_SM 	MULE
MuDR-3_TV	MuDR-3_TV 	MULE
MuDR-6_TV	MuDR-6_TV  	MULE
MuDr-1_TV	MuDr-1_TV 	MULE
MuDR7x_AP	MuDR7x_AP 	MULE
MuDR2x_SM	MuDR2x_SM  	MULE
MuDR4x_SM	MuDR4x_SM 	MULE
MuDR1x_SM	MuDR1x_SM 	MULE
MuDr-1x_AP	MuDr-1x_AP 	MULE
MUDR	MUDR   	MULE
Mudr5_OS	Mudr5_OS  	MULE
MuDR-8_SBi	MuDR-8_SBi  	MULE
ATMU3	ATMU3 	MULE
MuDR-12_VV	MuDR-12_VV  	MULE
MuDR4_SM	MuDR4_SM 	MULE
MuDR-6_VV	MuDR-6_VV 	MULE
MUDRAVI2	MUDRAVI2  	MULE
MDR2	MDR2  	MULE
MuDR2_OS	MuDR2_OS   	MULE
MuDR-3_SBi	MuDR-3_SBi  	MULE
MuDR-9_SBi	MuDR-9_SBi 	MULE
VANDAL14	VANDAL14   	MULE
CUMULE	CUMULE  	MULE
MULE-2_Cglob	MULE-2_Cglob 	MULE
MULE-1_Cglob	MULE-1_Cglob 	MULE
Hop	Hop 	MULE
MuDR-4_SBi	MuDR-4_SBi 	MULE
MuDR-8_ZM	MuDR-8_ZM  	MULE
MuDR-6_SBi	MuDR-6_SBi 	MULE
MuDR-5_OS	MuDR-5_OS 	MULE
Jittery	Jittery  	MULE
MUMET1	MUMET1  	MULE
MUJITOS2	MUJITOS2 	MULE
MULE-1_CapOwc	MULE-1_CapOwc	MULE
Rehavkus-3_TC	Rehavkus-3_TC 	MULE
Rehavkus-1_HR	Rehavkus-1_HR	MULE
Rehavkus-1_TC	Rehavkus-1_TC 	MULE
Rehavkus-2_NVi	Rehavkus-2_NVi 	MULE
Rehavkus-1_DY	Rehavkus-1_DY 	MULE
Rehavkus1_AP	Rehavkus1_AP	MULE
Novosib-1_EmiHux	Novosib-1_EmiHux  	Novosib
Novosib-6_CR	Novosib-6_CR 	Novosib
Novosib-5_CR	Novosib-5_CR	Novosib
Novosib-3_CR	Novosib-3_CR  	Novosib
Novosib-1_CR	Novosib-1_CR  	Novosib
P-1_TV	P-1_TV	P
P-2_TV	P-2_TV	P
P3_AG	P3_AG 	P
P_DM_Q7M3K2	P_DM_Q7M3K2 	P
P-2_HM	P-2_HM 	P
P1_Cis	P1_Cis 	P
P-1_AP	P-1_AP 	P
P-1_Aplcal	P-1_Aplcal 	P
P-32_HM	P-32_HM 	P
P-3_AP	P-3_AP	P
P-15_HM	P-15_HM	P
PROTOP	PROTOP	P
Galileo_DB	Galileo_DB 	P
P-7_HM	P-7_HM 	P
P-3_Hrobusta	P-3_Hrobusta 	P
P-6_HM	P-6_HM 	P
P-3_HM	P-3_HM 	P
P-1_AllMac	P-1_AllMac	P
P-1_AurAno	P-1_AurAno	P
P-1_CR	P-1_CR 	P
P-2_CR	P-2_CR 	P
IS4EU-1_AA	IS4EU-1_AA  	PIF_Harbinger
IS4EU-2_DR	IS4EU-2_DR 	PIF_Harbinger
ISL2EU-5_HM	ISL2EU-5_HM  	PIF_Harbinger
ISL2EU-4_HM	ISL2EU-4_HM 	PIF_Harbinger
ISL2EU-2_CS	ISL2EU-2_CS   	PIF_Harbinger
IS4EU-1_NV	IS4EU-1_NV  	PIF_Harbinger
PIF_Harbinger-2_PleOst	PIF_Harbinger-2_PleOst  	PIF_Harbinger
PIF_Harbinger-2_EmiHux	PIF_Harbinger-2_EmiHux   	PIF_Harbinger
PIF_Harbinger-1_Ngru	PIF_Harbinger-1_Ngru   	PIF_Harbinger
PIF_Harbinger-1_AllMac	PIF_Harbinger-1_AllMac    	PIF_Harbinger
PIF_Harbinger-1_PleOst	PIF_Harbinger-1_PleOst 	PIF_Harbinger
Harbinger1_TP	Harbinger1_TP 	PIF_Harbinger
PIF_Harbinger-1_PB	PIF_Harbinger-1_PB 	PIF_Harbinger
PIF_Harbinger-1_EmiHux	PIF_Harbinger-1_EmiHux   	PIF_Harbinger
PIF_Harbinger-1_TV	PIF_Harbinger-1_TV 	PIF_Harbinger
PIF_Harbinger-1_TreMes	PIF_Harbinger-1_TreMes 	PIF_Harbinger
PIF_Harbinger-2_Mlaricis	PIF_Harbinger-2_Mlaricis  	PIF_Harbinger
PIF_Harbinger-1_CryNeo	PIF_Harbinger-1_CryNeo 	PIF_Harbinger
HARB-4A_SBi	HARB-4A_SBi 	PIF_Harbinger
ATIS112A	ATIS112A  	PIF_Harbinger
TURMOIL1	TURMOIL1 	PIF_Harbinger
TURMOIL2	TURMOIL2 	PIF_Harbinger
HARBINGER1_AG	HARBINGER1_AG 	PIF_Harbinger
Harbinger-1_BF	Harbinger-1_BF  	PIF_Harbinger
Harbinger1_DYa	Harbinger1_DYa  	PIF_Harbinger
HARB4_ZM	HARB4_ZM 	PIF_Harbinger
Harbinger3_TP	Harbinger3_TP 	PIF_Harbinger
PIF_Harbinger-1_Smoe	PIF_Harbinger-1_Smoe 	PIF_Harbinger
HARBINGER1_DR	HARBINGER1_DR 	PIF_Harbinger
PIF_Harbinger-2_PI	PIF_Harbinger-2_PI 	PIF_Harbinger
PIF_Harbinger-3_PI	PIF_Harbinger-3_PI   	PIF_Harbinger
PIF_Harbinger-4_PI	PIF_Harbinger-4_PI   	PIF_Harbinger
Harbinger3_DR	Harbinger3_DR 	PIF_Harbinger
PiggyBac-3_PI	PiggyBac-3_PI 	PiggyBac
LEAPFROG1_EI	LEAPFROG1_EI	PiggyBac
PiggyBac-1_Mcir	PiggyBac-1_Mcir  	PiggyBac
PiggyBac-1_FO	PiggyBac-1_FO  	PiggyBac
PiggyBac-1_PI	PiggyBac-1_PI 	PiggyBac
piggyBac-8_SM	piggyBac-8_SM  	PiggyBac
piggyBac-6_SM	piggyBac-6_SM  	PiggyBac
POKEY_DP	POKEY_DP 	PiggyBac
piggyBac-5_SM	piggyBac-5_SM 	PiggyBac
piggyBac-1_XT	piggyBac-1_XT 	PiggyBac
PiggyBac-3_HM	PiggyBac-3_HM 	PiggyBac
piggyBac-4_SM	piggyBac-4_SM  	PiggyBac
piggyBac-3_SM	piggyBac-3_SM  	PiggyBac
piggyBac-3_NV	piggyBac-3_NV	PiggyBac
piggyBac1_CI	piggyBac1_CI 	PiggyBac
piggyBac-2_SM	piggyBac-2_SM 	PiggyBac
piggyBac-2_NV	piggyBac-2_NV	PiggyBac
piggyBac-1_NV	piggyBac-1_NV 	PiggyBac
piggyBac-1_SM	piggyBac-1_SM	PiggyBac
PiggyBac-1_FraCyl	PiggyBac-1_FraCyl 	PiggyBac
PiggyBac-1_EmiHux	PiggyBac-1_EmiHux 	PiggyBac
PiggyBac-1_PhaTri	PiggyBac-1_PhaTri 	PiggyBac
Sola1-2_Psojae	Sola1-2_Psojae  	Sola1
Sola1-2_AA	Sola1-2_AA 	Sola1
Sola1-3_Lgigantea	Sola1-3_Lgigantea 	Sola1
Sola1-2_AP	Sola1-2_AP 	Sola1
Sola1-1_CS	Sola1-1_CS 	Sola1
Sola1-1_BM	Sola1-1_BM 	Sola1
Sola1-1_AC	Sola1-1_AC  	Sola1
Sola1-7_AP	Sola1-7_AP 	Sola1
Sola1-9_AP	Sola1-9_AP 	Sola1
Sola1-1_HM	Sola1-1_HM 	Sola1
Sola1-1_AA	Sola1-1_AA 	Sola1
Sola1-8_AP	Sola1-8_AP 	Sola1
Sola1-1_Dpulex	Sola1-1_Dpulex 	Sola1
Sola1-1_PP	Sola1-1_PP  	Sola1
Sola1-1_FraCyl	Sola1-1_FraCyl 	Sola1
Sola1-1_PI	Sola1-1_PI 	Sola1
Sola1-1_MonBre	Sola1-1_MonBre	Sola1
Sola1-1_CapTel	Sola1-1_CapTel	Sola1
Sola2-2_NVi	Sola2-2_NVi	Sola2
Sola2-1_NV	Sola2-1_NV	Sola2
Sola2-1_AC	Sola2-1_AC 	Sola2
Sola2-2_HM	Sola2-2_HM	Sola2
Sola2-3_SP	Sola2-3_SP	Sola2
Sola2-1_AA	Sola2-1_AA 	Sola2
Sola2-1_BM	Sola2-1_BM	Sola2
Sola2-1_Hrobusta	Sola2-1_Hrobusta 	Sola2
Sola3-1_CapOwc	Sola3-1_CapOwc	Sola3
Sola3-1_EmiHux	Sola3-1_EmiHux	Sola3
Sola3-2_PS	Sola3-2_PS 	Sola3
Sola3-1_AA	Sola3-1_AA 	Sola3
Sola3-4_HM	Sola3-4_HM 	Sola3
Sola3-1_BF	Sola3-1_BF 	Sola3
GIZMO1_EI	GIZMO1_EI 	Tc1_mariner
TBE1	TBE1 	Tc1_mariner
Mariner-25_SM	Mariner-25_SM	Tc1_mariner
Tec-1	Tec-1 	Tc1_mariner
Mariner-6_SM	Mariner-6_SM	Tc1_mariner
Mariner-10_HM	Mariner-10_HM	Tc1_mariner
Mariner-3_AN	Mariner-3_AN 	Tc1_mariner
ATHPOGO	ATHPOGO 	Tc1_mariner
SMAR25	SMAR25 	Tc1_mariner
Tigger1	Tigger1 	Tc1_mariner
pogo	pogo 	Tc1_mariner
Mariner-18_HM	Mariner-18_HM	Tc1_mariner
Pogo_SM	Pogo_SM 	Tc1_mariner
SMAR6	SMAR6	Tc1_mariner
Mariner-1_SP	Mariner-1_SP	Tc1_mariner
CIRT2_CA	CIRT2_CA 	Tc1_mariner
Mariner-1_AF	Mariner-1_AF 	Tc1_mariner
FOTYL	FOTYL 	Tc1_mariner
Fot1	Fot1 	Tc1_mariner
SMAR24	SMAR24 	Tc1_mariner
GEMINI1_EI	GEMINI1_EI 	Tc1_mariner
Soymar1	Soymar1  	Tc1_mariner
OSMAR1	OSMAR1   	Tc1_mariner
SMAR27	SMAR27	Tc1_mariner
MAR1_TV	MAR1_TV	Tc1_mariner
Mariner-16_HM	Mariner-16_HM 	Tc1_mariner
Mos1	Mos1 	Tc1_mariner
AVMAR1	AVMAR1 	Tc1_mariner
impala	impala 	Tc1_mariner
AMARI	AMARI	Tc1_mariner
Tc1-2Xt	Tc1-2Xt 	Tc1_mariner
minos	minos 	Tc1_mariner
Tc3	Tc3	Tc1_mariner
Tc1	Tc1 	Tc1_mariner
Tc1-1_AG	Tc1-1_AG 	Tc1_mariner
MARINCE1	MARINCE1 	Tc1_mariner
PrD37D	PrD37D	Tc1_mariner
VENSMAR1	VENSMAR1 	Tc1_mariner
Bmmar1	Bmmar1 	Tc1_mariner
Transib-1_HM	Transib-1_HM	Transib
Transib-10_HM	Transib-10_HM	Transib
Transib1_AA	Transib1_AA	Transib
Transib-11_HM	Transib-11_HM	Transib
Zator-1_BF	Zator-1_BF 	Zator
Zator-2_AA	Zator-2_AA 	Zator
Zator-4_HM	Zator-4_HM 	Zator
Zator-1_Ngru	Zator-1_Ngru	Zator
