Chapaev-1_CE	Chapaev-1_CE
Chapaev-2_CE	Chapaev-2_CE
Chapaev-1_AA	Chapaev-1_AA
Chapaev-1_ACa	Chapaev-1_ACa
Chapaev-1_BF	Chapaev-1_BF
Chapaev-1_HM	Chapaev-1_HM
Chapaev-1_HM	Chapaev-21_HM
Chapaev-2_ACa	Chapaev-2_ACa
Chapaev-2_BF	Chapaev-2_BF
Chapaev-3_ACa	Chapaev-3_ACa
Chapaev-3A_HM	Chapaev-3A_HM
Chapaev-3A_HM	Chapaev-3_HM
Chapaev-3A_HM	Chapaev-3B_HM
Chapaev-4_HM	Chapaev-4_HM
Chapaev-5_HMa	Chapaev-5_HMa
Chapaev-5_HMa	Chapaev-14_HM
Chapaev-5_HMa	Chapaev-19_HM
Chapaev-6_HM	Chapaev-6_HM
Chapaev-7_HM	Chapaev-7_HM
Chapaev-8_HM	Chapaev-8_HM
Chapaev-9_HM	Chapaev-9_HM
Chapaev-10_HM	Chapaev-10_HM
Chapaev-11_HM	Chapaev-11_HM
Chapaev-12_HM	Chapaev-12_HM
Chapaev-13_HM	Chapaev-13_HM
Chapaev-13_HM	Chapaev-2_HM
Chapaev-13_HM	Chapaev-5_HM
Chapaev-13_HM	Chapaev-18_HM
Chapaev-15_HM	Chapaev-15_HM
Chapaev-16_HM	Chapaev-16_HM
Chapaev-17_HM	Chapaev-17_HM
Chapaev3-1_AA	Chapaev3-1_AA
Chapaev3-1_DA	Chapaev3-1_DA
Chapaev3-1_DW	Chapaev3-1_DW
Chapaev3-1_HR	Chapaev3-1_HR
Chapaev3-1_HR	Chapaev3-1_ET
Chapaev3-1_HR	EnSpm-2_LMi
Chapaev3-1_NVi	Chapaev3-1_NVi
Chapaev3-1_PM	Chapaev3-1_PM
Chapaev3-1_PM	Chapaev3-1_OL
Chapaev3-1_PM	EnSpm-1_RPr
Chapaev3-1_SM	Chapaev3-1_SM
Chapaev3-1_SM	Chapaev3-1_HM
Chapaev3-1_SM	Chapaev3-2_HR
Chapaev3-1_SM	Chapaev3-2_NVi
Chapaev3-1_SM	Chapaev3-3_HM
Chapaev3-1_SM	EnSpm-1_LMi
Chapaev3-2_AA	Chapaev3-2_AA
Chapaev3-2_AA	EnSpm-1_DF
Chapaev3-3_AA	Chapaev3-3_AA
Chapaev3-3_AA	Chapaev3-1_AC
Chapaev3-3_AA	Chapaev3-2_PM
Chapaev3-3_AA	Chapaev-4_HMa
Chapaev3-3_HR	Chapaev3-3_HR
Chapaev3-3_HR	Chapaev3-2_AC
Chapaev3-3_HR	Chapaev3-2_HM
Chapaev3-4_HM	Chapaev3-4_HM
Chapaev3-5_HM	Chapaev3-5_HM
Chapaev3-6_HM	Chapaev3-6_HM
Chapaev-1_HSal	Chapaev-1_HSal
Chapaev-20_HM	Chapaev-20_HM
