EnSpm-2_NV	EnSpm-2_NV
EnSpm-2_NVi	EnSpm-2_NVi
EnSpm-2_SIn	EnSpm-2_SIn
EnSpm-3_ADi	EnSpm-3_ADi
EnSpm-3_BF	EnSpm-3_BF
EnSpm-3_Cia_p2	EnSpm-3_Cia_p2
EnSpm-3_GM_tp	EnSpm-3_GM_tp
EnSpm-3_GM_tp	ENSUPMET
EnSpm-3_HM_p1	EnSpm-3_HM_p1
EnSpm-3_HV_p2	EnSpm-3_HV_p2
EnSpm-3_Mad	EnSpm-3_Mad
EnSpm-3_NVe	EnSpm-3_NVe
EnSpm-3_PGr	EnSpm-3_PGr
EnSpm-3_VV	EnSpm-3_VV
EnSpm-3_VV	EnSpm-13_VV_tp
EnSpm-3_VV	EnSpm-3_Cia_tp
EnSpm-3_VV	EnSpm-4_VV_tp
EnSpm-3_VV	EnSpm-5_VV_tp
EnSpm-4_ADi	EnSpm-4_ADi
EnSpm-4_DR_p1	EnSpm-4_DR_p1
EnSpm-4_DR_p1	EnSpm-5_DR_p1
EnSpm-4_GM_tp	EnSpm-4_GM_tp
EnSpm-4_HM	EnSpm-4_HM
EnSpm-4_HV_p1	EnSpm-4_HV_p1
EnSpm-4_HV_p1	EnSpm2_HV
EnSpm-4_HV_p1	EnSpm-3_HV_p1
EnSpm-4_HV_p1	EnSpm2_SB_p1
EnSpm-4_HV_p1	EnSpm7_SB_p1
EnSpm-4_HV_p1	SPMLIKE_p1
EnSpm-4_HV_p2	EnSpm-4_HV_p2
EnSpm-4_NVe	EnSpm-4_NVe
EnSpm-4_PGr	EnSpm-4_PGr
EnSpm-4_PGr	EnSpm-1_PGr
EnSpm-4_PGr	EnSpm-2_PGr
EnSpm-4_PGr	EnSpm-5_PGr_tp
EnSpm-5_FV	EnSpm-5_FV
EnSpm-5_FV	EnSpm-3_MN
EnSpm-5_HM	EnSpm-5_HM
EnSpm-5_NVe	EnSpm-5_NVe
EnSpm-6_DR	EnSpm-6_DR
EnSpm-6_HM	EnSpm-6_HM
EnSpm-6_NVe	EnSpm-6_NVe
EnSpm-6_VV_p1	EnSpm-6_VV_p1
EnSpm-6_VV_p1	EnSpm-8N_VV_p1
EnSpm-7_FV_tp	EnSpm-7_FV_tp
EnSpm-7_FV_tp	EnSpm-1_FV_tp
EnSpm-7_HM	EnSpm-7_HM
EnSpm-7_MLP_tp	EnSpm-7_MLP_tp
EnSpm-7_ZM_p1	EnSpm-7_ZM_p1
EnSpm-8_HM	EnSpm-8_HM
EnSpm-8_ZM_p1	EnSpm-8_ZM_p1
EnSpm-9_HM	EnSpm-9_HM
EnSpm-10_CCri_2p	EnSpm-10_CCri_2p
EnSpm-10_CCri_3p	EnSpm-10_CCri_3p
EnSpm-10_FV_tp	EnSpm-10_FV_tp
EnSpm-10_HM	EnSpm-10_HM
EnSpm-11_HM	EnSpm-11_HM
EnSpm-12_HM	EnSpm-12_HM
EnSpm-13_HM	EnSpm-13_HM
EnSpm-14_HM	EnSpm-14_HM
EnSpm-14_SBi_p2	EnSpm-14_SBi_p2
EnSpm-14_ZM	EnSpm-14_ZM
EnSpm-15_HM	EnSpm-15_HM
EnSpm-16_HM	EnSpm-16_HM
EnSpm-16_OS_p1	EnSpm-16_OS_p1
EnSpm-16_OS_p1	EnSpm-9_ZM_p1
EnSpm-16_OS_p1	EnSpm-12_OS_p1
EnSpm-17_CCri_2p	EnSpm-17_CCri_2p
EnSpm-17_HM	EnSpm-17_HM
EnSpm-18_CCri	EnSpm-18_CCri
EnSpm-18_CCri	EnSpm-20_CCri_2p
EnSpm-18_HMa	EnSpm-18_HMa
EnSpm-18_HMa	EnSpm-21_HMa
EnSpm-19_HMa	EnSpm-19_HMa
EnSpm-19_SBi_tp	EnSpm-19_SBi_tp
EnSpm-19_SBi_tp	OShooter_p1
EnSpm-20_HMa	EnSpm-20_HMa
EnSpm-21_CCri_tp	EnSpm-21_CCri_tp
EnSpm-22_CCri_tp	EnSpm-22_CCri_tp
EnSpm-22_HMa	EnSpm-22_HMa
EnSpm-23_CCri	EnSpm-23_CCri
EnSpm-26_CCri_2p	EnSpm-26_CCri_2p
EnSpm-26_CCri_3p	EnSpm-26_CCri_3p
EnSpm-26_CCri_3p	EnSpm-27_CCri
EnSpm-30_SBi_env	EnSpm-30_SBi_env
EnSpm-30_SBi_p2	EnSpm-30_SBi_p2
EnSpm-34_CCri_1p	EnSpm-34_CCri_1p
EnSpm-36_SBi_2p	EnSpm-36_SBi_2p
EnSpm-36_SBi_2p	EnSpm-18_SBi_2p
EnSpm-39_SBi	EnSpm-39_SBi
EnSpm-40_SBi_1p	EnSpm-40_SBi_1p
EnSpm-40_SBi_1p	EnSpm-34_SBi_1p
EnSpm-40_SBi_1p	Shooter_ZM
EnSpm-41_SBi_1p	EnSpm-41_SBi_1p
EnSpm-41_SBi_1p	EnSpm-11_OS_p1
EnSpm-41_SBi_1p	EnSpm-12_ZM_p1
EnSpm-41_SBi_1p	EnSpm-44_SBi_1p
EnSpm_AC	EnSpm_AC
EnSpm_CA	EnSpm_CA
EnSpm_MT	EnSpm_MT
EnSpm_MT	EnSpm-1_AIp_tp
PSL	PSL
SmTRC1	SmTRC1
SPMLIKE_p2	SPMLIKE_p2
TDC1	TDC1
EnSpm-2_CCri_4p	EnSpm-2_CCri_4p
EnSpm-2_CCri_tp	EnSpm-2_CCri_tp
EnSpm-2C_CCri_3p	EnSpm-2C_CCri_3p
EnSpm-2C_CCri_4p	EnSpm-2C_CCri_4p
EnSpm-2C_CCri_mt	EnSpm-2C_CCri_mt
EnSpm-3_CCri_3p	EnSpm-3_CCri_3p
EnSpm-3_CCri_4p	EnSpm-3_CCri_4p
EnSpm-3_CCri_5p	EnSpm-3_CCri_5p
EnSpm-3_CCri_mt	EnSpm-3_CCri_mt
EnSpm-3_CCri_tp	EnSpm-3_CCri_tp
EnSpm-4_CCri_1p	EnSpm-4_CCri_1p
EnSpm-4_CCri_tp	EnSpm-4_CCri_tp
EnSpm-5_CCri_1p	EnSpm-5_CCri_1p
EnSpm-5_CCri_2p	EnSpm-5_CCri_2p
EnSpm-5_CCri_tp	EnSpm-5_CCri_tp
EnSpm-6_CCri_1p	EnSpm-6_CCri_1p
EnSpm-6_CCri_3p	EnSpm-6_CCri_3p
EnSpm-6_CCri_tp	EnSpm-6_CCri_tp
EnSpm-7_CCri_2p	EnSpm-7_CCri_2p
EnSpm-7_CCri_4p	EnSpm-7_CCri_4p
EnSpm-7_CCri_tp	EnSpm-7_CCri_tp
EnSpm-8_CCri_2p	EnSpm-8_CCri_2p
EnSpm-8_CCri_4p	EnSpm-8_CCri_4p
EnSpm-8_CCri_tp	EnSpm-8_CCri_tp
EnSpm-9_CCri_2p	EnSpm-9_CCri_2p
EnSpm-9_CCri_3p	EnSpm-9_CCri_3p
EnSpm-9_CCri_3p	EnSpm-9D_CCri_1p
EnSpm-9_CCri_tp	EnSpm-9_CCri_tp
EnSpm-28_CCri_1p	EnSpm-28_CCri_1p
EnSpm-28_CCri_1p	EnSpm-28B_CCri_3p
EnSpm-28_CCri_4p	EnSpm-28_CCri_4p
EnSpm-28_CCri_4p	EnSpm-28B_CCri_4p
EnSpm-28B_CCri_2p	EnSpm-28B_CCri_2p
EnSpm1_DR_tp	EnSpm1_DR_tp
EnSpm-2_DR_p1	EnSpm-2_DR_p1
EnSpm-3_DR_tp	EnSpm-3_DR_tp
EnSpm-7_DR_tp	EnSpm-7_DR_tp
EnSpm-9_DR_tp	EnSpm-9_DR_tp
EnSpm-12_DR_tp	EnSpm-12_DR_tp
EnSpm-13_DR_tp	EnSpm-13_DR_tp
EnSpm-14_DR_tp	EnSpm-14_DR_tp
UN-Candystripe1_SB_p2	UN-Candystripe1_SB_p2
UN-EnSpm3_OS_p2	UN-EnSpm3_OS_p2
UN-EnSpm5_SB_p2	UN-EnSpm5_SB_p2
ATEnSpm1A_p2	ATEnSpm1A_p2
ATEnSpm2	ATEnSpm2
ATEnSpm6	ATEnSpm6
ATEnSpm6	UN-ATEnSpm9
ATENSPM10	ATENSPM10
ATEnSpm11	ATEnSpm11
ATEnSpm12	ATEnSpm12
ATEnSpm12	ATEnSpm3
ATEnSpm12	ATEnSpm7
BREnSpm1	BREnSpm1
CACTA-1_Mlaricis	CACTA-1_Mlaricis
CACTA-1_Roryzae	CACTA-1_Roryzae
CACTA-2_Mlaricis	CACTA-2_Mlaricis
CACTA_LP_p1	CACTA_LP_p1
CACTA_LP_p1	EnSpm-1_TM_p1
CACTA_LP_p2	CACTA_LP_p2
EN1_ZM	EN1_ZM
EN1_ZM	DOPPIA4_ZM
EN1_ZM	EnSpm-13_ZM_p1
EN1_ZM	EnSpm2_ZM
EN1_ZM	EnSpm-5_ZM
EN1_ZM	EnSpm-11_ZM_p1
ENS1_Cis	ENS1_Cis
EnSpm1_SB_p1	EnSpm1_SB_p1
EnSpm1_SB_p1	EnSpm5_OS_p1
EnSpm1_SB_p1	EnSpm7_OS_p1
EnSpm1_SB_p1	EnSpm-18_SBi_1p
EnSpm1_SB_p1	EnSpm-22_SBi_tp
EnSpm1_SB_p1	EnSpm-36_SBi_1p
EnSpm1_SB_p2	EnSpm1_SB_p2
EnSpm1_TD	EnSpm1_TD
EnSpm1B_PT	EnSpm1B_PT
EnSpm2_MT	EnSpm2_MT
EnSpm2_OS_p2	EnSpm2_OS_p2
EnSpm2_PTr	EnSpm2_PTr
EnSpm2_PTr	EnSpm1_PT
EnSpm2_TM_p2	EnSpm2_TM_p2
EnSpm3_SB_p2	EnSpm3_SB_p2
EnSpm3_ZM	EnSpm3_ZM
EnSpm4_OS_p1	EnSpm4_OS_p1
EnSpm4_OS_p1	EnSpm2_OS_p1
EnSpm4_OS_p1	EnSpm3_OS_p1
EnSpm4_OS_p1	EnSpm-2_Cia_tp
EnSpm4_OS_p2	EnSpm4_OS_p2
EnSpm4_SB_p1	EnSpm4_SB_p1
EnSpm4_SB_p1	EnSpm6_SB_p1
EnSpm4_SB_p1	EnSpm-6_ZM_p1
EnSpm4_SB_p2	EnSpm4_SB_p2
EnSpm4_SB_p2	EnSpm11_SB_p2
EnSpm4_SB_p2	EnSpm-6_ZM_p2
EnSpm4_ZM	EnSpm4_ZM
EnSpm4_ZM	EnSpm_OS
EnSpm5_OS_p2	EnSpm5_OS_p2
EnSpm6_SB_p2	EnSpm6_SB_p2
EnSpm7_OS_p2	EnSpm7_OS_p2
EnSpm7_SB_p2	EnSpm7_SB_p2
EnSpm7_SB_p2	EnSpm2_SB_p2
EnSpm8_SB	EnSpm8_SB
EnSpm12_SB_p1	EnSpm12_SB_p1
EnSpm12_SB_p1	EnSpm5_SB_p1
EnSpm12_SB_p1	EnSpm-10_ZM_p1
EnSpm12_SB_p1	EnSpm-1_HV_p1
EnSpm12_SB_p1	EnSpm-9_OS_p1
EnSpm12_SB_p1	EnSpm-15_OS_p1
EnSpm12_SB_p1	EnSpm-13_OS_p1
EnSpm12_SB_p1	EnSpm-10_OS_p1
EnSpm12_SB_p1	EnSpm-14_OS_p1
EnSpm12_SB_p1	EnSpm-20_SBi_tp
EnSpm12_SB_p1	EnSpm-26_SBi_tp
EnSpm12_SB_p2	EnSpm12_SB_p2
EnSpm-1_AA	EnSpm-1_AA
EnSpm-1_ADi	EnSpm-1_ADi
EnSpm-1_AP	EnSpm-1_AP
EnSpm-1_BF	EnSpm-1_BF
EnSpm-1_CCri_3p	EnSpm-1_CCri_3p
EnSpm-1_CCri_tp	EnSpm-1_CCri_tp
EnSpm-1_CGi	EnSpm-1_CGi
EnSpm-1_Cia_tp	EnSpm-1_Cia_tp
EnSpm-1_DDi	EnSpm-1_DDi
EnSpm-1_GM	EnSpm-1_GM
EnSpm-1_GM	EnSpm-2_GM_tp
EnSpm-1_GR	EnSpm-1_GR
EnSpm-1_HM	EnSpm-1_HM
EnSpm-1_LU	EnSpm-1_LU
EnSpm-1_Mad	EnSpm-1_Mad
EnSpm-1_MN	EnSpm-1_MN
EnSpm-1_NGr	EnSpm-1_NGr
EnSpm-1_NV	EnSpm-1_NV
EnSpm-1_NVi	EnSpm-1_NVi
EnSpm-1_PSt_tp	EnSpm-1_PSt_tp
EnSpm-1_TA	EnSpm-1_TA
EnSpm-1_TM_p2	EnSpm-1_TM_p2
EnSpm-2_BDi	EnSpm-2_BDi
EnSpm-2_BDi	EnSpm-1_BDi
EnSpm-2_BF	EnSpm-2_BF
EnSpm-2_CGi	EnSpm-2_CGi
EnSpm-2_Cia_p2	EnSpm-2_Cia_p2
EnSpm-2_HM_p1	EnSpm-2_HM_p1
EnSpm-2_Mad	EnSpm-2_Mad
