HAT5_CI_tp	HAT5_CI_tp
hAT-1_ASi_tp	hAT-1_ASi_tp
hAT-1_CCri_tp	hAT-1_CCri_tp
hAT-1_DEl_tp	hAT-1_DEl_tp
hAT-1_DK_tp	hAT-1_DK_tp
hAT-1_DK_tp	hAT-5_DRh_tp
HAT-1_DP_tp	HAT-1_DP_tp
HAT-1_DP_tp	Homo2_tp
HAT-1_DP_tp	hAT-1_DSi_tp
HAT-1_DP_tp	Howilli1_tp
hAT-1_DRh_tp	hAT-1_DRh_tp
hAT-1_EI_tp	hAT-1_EI_tp
hAT-1_FV_tp	hAT-1_FV_tp
hAT-1_GM_tp	hAT-1_GM_tp
hAT-1_GM_tp	HAT3_MT_tp
hAT-1_GR_tp	hAT-1_GR_tp
hAT-1_MLP_tp	hAT-1_MLP_tp
hAT-1_NN_tp	hAT-1_NN_tp
hAT-1_NN_tp	hAT-1_RC_tp
hAT-1_NN_tp	hAT-2_GR_tp
HAT-1_NV_tp	HAT-1_NV_tp
hAT-1_OS_tp	hAT-1_OS_tp
hAT-1_PI_tp	hAT-1_PI_tp
hAT-1_PPe_tp	hAT-1_PPe_tp
hAT-1_PSo_tp	hAT-1_PSo_tp
hAT-1_PTri_tp	hAT-1_PTri_tp
hAT-1_Salmo_tp	hAT-1_Salmo_tp
hAT-1_Salmo_tp	hAT-26_DR_tp
HAT-1_SP_tp	HAT-1_SP_tp
hAT-1_TV_tp	hAT-1_TV_tp
hAT-2_AP_tp	hAT-2_AP_tp
HAT-2_BF_tp	HAT-2_BF_tp
hAT-2_CCri_tp	hAT-2_CCri_tp
hAT-2_CGi_tp	hAT-2_CGi_tp
hAT-2_DBp_tp	hAT-2_DBp_tp
hAT-2_DK_tp	hAT-2_DK_tp
hAT-2_DSe_tp	hAT-2_DSe_tp
hAT-2_EI1p_tp	hAT-2_EI1p_tp
hAT-2_FV_tp	hAT-2_FV_tp
hAT-2_GM_tp	hAT-2_GM_tp
hAT-2_GM_tp	hAT-1_LU_tp
hAT-2_JC_tp	hAT-2_JC_tp
hAT-2_MN_tp	hAT-2_MN_tp
hAT-2_MN_tp	hAT-3_MN_tp
hAT-2_PGr_tp	hAT-2_PGr_tp
HAT-2_SD_tp	HAT-2_SD_tp
hAT-3_ALy_tp	hAT-3_ALy_tp
hAT-3_DK_tp	hAT-3_DK_tp
hAT-3_DK_tp	Howilli3_tp
hAT-3_GM_tp	hAT-3_GM_tp
hAT-3_PTri_tp	hAT-3_PTri_tp
hAT-3_TC_tp	hAT-3_TC_tp
hAT-4_ALy_tp	hAT-4_ALy_tp
hAT-4_DBp_tp	hAT-4_DBp_tp
hAT-4_DBp_tp	hAT-3_DBp_tp
hAT-4_FV_tp	hAT-4_FV_tp
hAT-4_MN_tp	hAT-4_MN_tp
hAT-4_MN_tp	hAT-1_MN_tp
hAT-4_RC_tp	hAT-4_RC_tp
hAT-4_TC_tp	hAT-4_TC_tp
hAT-4C_ACar_tp	hAT-4C_ACar_tp
hAT-4C_ACar_tp	hAT-4_ACar_tp
hAT-5_ALy_tp	hAT-5_ALy_tp
hAT-5_CGi_tp	hAT-5_CGi_tp
hAT-5_MN_tp	hAT-5_MN_tp
hAT-5_RPr_tp	hAT-5_RPr_tp
hAT-5_TC_tp	hAT-5_TC_tp
hAT-6_JC_tp	hAT-6_JC_tp
hAT-6_JC_tp	hAT-1_JC_tp
hAT-6_MN_tp	hAT-6_MN_tp
hAT-6_OS_tp	hAT-6_OS_tp
hAT-6_OS_tp	HAT-17_ZM_tp
hAT-6_STu_tp	hAT-6_STu_tp
HAT-6_VV_tp	HAT-6_VV_tp
hAT-7_FV_tp	hAT-7_FV_tp
hAT-7_MN_tp	hAT-7_MN_tp
hAT-7_MN_tp	HAT-9_Mad_tp
hAT-7_MN_tp	HAT-10_Mad_tp
hAT-7_PGr_tp	hAT-7_PGr_tp
hAT-7_PTr_tp	hAT-7_PTr_tp
hAT-7_PTr_tp	hAT-3_PTr_tp
HAT-8_Mad_tp	HAT-8_Mad_tp
HAT-8_Mad_tp	HAT-8C_Mad_tp
HAT-8_Mad_tp	HAT-18_Mad_tp
hAT-8_MN_tp	hAT-8_MN_tp
hAT-9_FV_tp	hAT-9_FV_tp
hAT-9_PGr_tp	hAT-9_PGr_tp
HAT-9_XT_tp	HAT-9_XT_tp
hAT-10_OS_tp	hAT-10_OS_tp
HAT-10_XT_tp	HAT-10_XT_tp
hAT-11_HM_tp	hAT-11_HM_tp
hAT-11_LCh_tp	hAT-11_LCh_tp
HAT-12_XT_tp	HAT-12_XT_tp
ZhAT5_ZM_tp	ZhAT5_ZM_tp
ZhAT7_ZM_tp	ZhAT7_ZM_tp
ZhAT9_ZM_tp	ZhAT9_ZM_tp
ZhAT9_ZM_tp	hAT5_SB_tp
ZhAT14_ZM_tp	ZhAT14_ZM_tp
ZhAT14_ZM_tp	UN-Zaphod3_Osa_tp
hAT-2_DY_tp	hAT-2_DY_tp
hAT-3_Gav_tp	hAT-3_Gav_tp
hAT-3_PM_tp	hAT-3_PM_tp
hAT-3_RPr_tp	hAT-3_RPr_tp
hAT-3_TV_tp	hAT-3_TV_tp
hAT-4_HM_tp	hAT-4_HM_tp
HAT-5_SM_tp	HAT-5_SM_tp
HAT-6_SM_tp	HAT-6_SM_tp
HAT-6_XT_tp	HAT-6_XT_tp
hAT-7_AMi_tp	hAT-7_AMi_tp
hAT-7_AMi_tp	hAT-1_LCh_tp
hAT-7_AMi_tp	hAT-4_ML_tp
hAT-7_AMi_tp	hAT-4_SSa_tp
hAT-7_AMi_tp	HAT-4_XT_tp
hAT-7_AMi_tp	hAT-7_PM_tp
hAT-7_CPB_tp	hAT-7_CPB_tp
hAT-8_CPB_tp	hAT-8_CPB_tp
hAT-8_CPB_tp	hAT-5_LCh_tp
hAT-8_CPB_tp	HAT-14_SM_tp
hAT-8_CPB_tp	hAT-39_SM_tp
hAT-10_CPB_tp	hAT-10_CPB_tp
hAT-10_Crp_tp	hAT-10_Crp_tp
hAT-10_LCh_tp	hAT-10_LCh_tp
hAT-10_LMi_tp	hAT-10_LMi_tp
HAT-11_SM_tp	HAT-11_SM_tp
HAT-11_SM_tp	hAT-1_MEu_tp
HAT-11_XT_tp	HAT-11_XT_tp
HAT-12_SM_tp	HAT-12_SM_tp
hAT-13_SSa_tp	hAT-13_SSa_tp
hAT-15_Crp_tp	hAT-15_Crp_tp
hAT-15_LCh_tp	hAT-15_LCh_tp
HAT-15_SM_tp	HAT-15_SM_tp
hAT-15_SSa_tp	hAT-15_SSa_tp
hAT-16_Crp_tp	hAT-16_Crp_tp
hAT-16_LCh_tp	hAT-16_LCh_tp
hAT-16_LSal_tp	hAT-16_LSal_tp
HAT-16_SM_tp	HAT-16_SM_tp
HAT-17_SM_tp	HAT-17_SM_tp
hAT-18_Crp_tp	hAT-18_Crp_tp
hAT-19_CPB_tp	hAT-19_CPB_tp
hAT-19_HM_tp	hAT-19_HM_tp
hAT-19_HM_tp	hAT-8_Crp_tp
HAT-19_SM_tp	HAT-19_SM_tp
hAT-20_CPB_tp	hAT-20_CPB_tp
hAT-21_CPB_tp	hAT-21_CPB_tp
hAT-22_LCh_tp	hAT-22_LCh_tp
HAT-26_SM_tp	HAT-26_SM_tp
hAT-26_SSa_tp	hAT-26_SSa_tp
hAT-27_LCh_tp	hAT-27_LCh_tp
hAT-27_LCh_tp	hAT-22_CPB_tp
hAT-29_SSa_tp	hAT-29_SSa_tp
hAT-31_LCh_tp	hAT-31_LCh_tp
hAT-34_LCh_tp	hAT-34_LCh_tp
hAT-34_SM_tp	hAT-34_SM_tp
hAT-40_SM_tp	hAT-40_SM_tp
hAT-41_Lch_tp	hAT-41_Lch_tp
hAT-41_Lch_tp	hAT-11_Crp_tp
hAT-41_SM_tp	hAT-41_SM_tp
hAT-42_SM_tp	hAT-42_SM_tp
hAT-43_SM_tp	hAT-43_SM_tp
hAT-45_SM_tp	hAT-45_SM_tp
hAT-46_SM_tp	hAT-46_SM_tp
HAT-75_HM_tp	HAT-75_HM_tp
HAT-75_HM_tp	hAT-5_CPB_tp
hAT-N5_Crp_tp	hAT-N5_Crp_tp
hAT-N6_ACar_tp	hAT-N6_ACar_tp
hAT-N6_Crp_tp	hAT-N6_Crp_tp
OposCharlie1_tp	OposCharlie1_tp
OposCharlie1_tp	hAT-2-h_SM_tp
OposCharlie2_tp	OposCharlie2_tp
OposCharlie2_tp	Myotis_hAT1_tp
OposCharlie3_tp	OposCharlie3_tp
SPIN_Og_tp	SPIN_Og_tp
SPIN_Og_tp	SPIN_Ml_tp
SPIN_Og_tp	hAT-34_LSal_tp
HAT1-1_NV_tp	HAT1-1_NV_tp
HAT1-2_NV_tp	HAT1-2_NV_tp
HAT1-3_NV_tp	HAT1-3_NV_tp
hAT-1_LHu_tp	hAT-1_LHu_tp
hAT-1_RPr_tp	hAT-1_RPr_tp
hAT-4_LMi_tp	hAT-4_LMi_tp
hAT-13_LCh_tp	hAT-13_LCh_tp
hAT-19_Crp_tp	hAT-19_Crp_tp
hAT-19_Crp_tp	hAT-19B_Croc_tp
hAT-19_Crp_tp	hAT-33_CPB_tp
hAT-29_LSal_tp	hAT-29_LSal_tp
hAT-29_LSal_tp	hAT-2_LSal_tp
hAT-39_LCh_tp	hAT-39_LCh_tp
hAT-39_LCh_tp	hAT-31_CPB_tp
HAT5-1_NV_tp	HAT5-1_NV_tp
HAT5-2_NV_tp	HAT5-2_NV_tp
HAT5-3_NV_tp	HAT5-3_NV_tp
HAT5-4_NV_tp	HAT5-4_NV_tp
hAT-13_HM_tp	hAT-13_HM_tp
hAT-31_HM_tp	hAT-31_HM_tp
EuthAT-2_tp	EuthAT-2_tp
HAT1_DR_tp	HAT1_DR_tp
HAT-4_DR_tp	HAT-4_DR_tp
hAT-6_DR_tp	hAT-6_DR_tp
hAT-6_DR_tp	hAT-7_DR_tp
hAT-17_DR_tp	hAT-17_DR_tp
hAT-31_DR_tp	hAT-31_DR_tp
Blackjack_tp	Blackjack_tp
Blackjack_tp	hAT-13_Crp_tp
Chaplin1_DR_tp	Chaplin1_DR_tp
Charlie1_tp	Charlie1_tp
Charlie1_tp	hAT-35_SM_tp
Charlie2a_tp	Charlie2a_tp
Charlie3_tp	Charlie3_tp
Charlie5_tp	Charlie5_tp
Charlie6_tp	Charlie6_tp
Charlie7_tp	Charlie7_tp
Charlie8_tp	Charlie8_tp
Charlie8_tp	hAT-18_CPB_tp
Charlie9_tp	Charlie9_tp
Charlie10_tp	Charlie10_tp
Charlie11_tp	Charlie11_tp
Charlie13a_tp	Charlie13a_tp
Charlie24_tp	Charlie24_tp
Charlie24_tp	Charlie4_tp
Charlie24_tp	HAT-4_SM_tp
Charlie24_tp	hAT-10_AMi_tp
Charlie25_tp	Charlie25_tp
Cheshire_tp	Cheshire_tp
HAT-2_DR_tp	HAT-2_DR_tp
HAT-5_DR_tp	HAT-5_DR_tp
hAT-12_DR_tp	hAT-12_DR_tp
hAT-22_DR_tp	hAT-22_DR_tp
Arthur1_tp	Arthur1_tp
Arthur2_tp	Arthur2_tp
hAT-8_DR_tp	hAT-8_DR_tp
MER45R_tp	MER45R_tp
Zaphod2_tp	Zaphod2_tp
Zaphod3_tp	Zaphod3_tp
Zaphod_tp	Zaphod_tp
UN-39579425_Cbr_tp	UN-39579425_Cbr_tp
UN-39586475_Cbr_tp	UN-39586475_Cbr_tp
UN-39588434_Cbr_tp	UN-39588434_Cbr_tp
UN-4753646_Ath_tp	UN-4753646_Ath_tp
UN-7267311_Ath_tp	UN-7267311_Ath_tp
UN-7505609_Cel_tp	UN-7505609_Cel_tp
UN-14091822_Osa_tp	UN-14091822_Osa_tp
UN-17538310_Cel_tp	UN-17538310_Cel_tp
UN-24582377_Dme_tp	UN-24582377_Dme_tp
UN-24582377_Dme_tp	UN-54644095_Dps_tp
UN-25406015_Ath_tp	UN-25406015_Ath_tp
UN-31195751_Aga_tp	UN-31195751_Aga_tp
UN-31196465_Aga_tp	UN-31196465_Aga_tp
UN-31207437_Ag_tp	UN-31207437_Ag_tp
UN-31207437_Ag_tp	UN-31208475_Aga_tp
UN-34894194_Osa_tp	UN-34894194_Osa_tp
UN-34896302_Osa_tp	UN-34896302_Osa_tp
UN-34897420_Osa_tp	UN-34897420_Osa_tp
UN-34898446_Osa_tp	UN-34898446_Osa_tp
UN-38345099_Osa_tp	UN-38345099_Osa_tp
UN-38567845_Osa_tp	UN-38567845_Osa_tp
UN-39580027_Cbr_tp	UN-39580027_Cbr_tp
UN-40788364_Hsa_tp	UN-40788364_Hsa_tp
UN-40788364_Hsa_tp	UN-50730348_Gga_tp
UN-45238703_Tni_tp	UN-45238703_Tni_tp
UN-47226801_Tni_tp	UN-47226801_Tni_tp
UN-48139970_Ame_tp	UN-48139970_Ame_tp
UN-50901008_Osa_tp	UN-50901008_Osa_tp
UN-50901008_Osa_tp	hAT-7_OS_tp
UN-50901992_Osa_tp	UN-50901992_Osa_tp
UN-50916102_Osa_tp	UN-50916102_Osa_tp
UN-53982308_Osa_tp	UN-53982308_Osa_tp
UN-AC9_ZM_tp	UN-AC9_ZM_tp
UN-AC9_ZM_tp	hAT-5_OS_tp
UN-CRATA_tp	UN-CRATA_tp
UN-hAT-2_ESi_tp	UN-hAT-2_ESi_tp
UN-Hatory_tp	UN-Hatory_tp
UN-Hatory_tp	UN-Mx_tp
UN-Hopper_Bd_tp	UN-Hopper_Bd_tp
UN-SLIDE_tp	UN-SLIDE_tp
UN-Tol2_Ola_tp	UN-Tol2_Ola_tp
UN-117935429_tp	UN-117935429_tp
UN-HAT6-1_NV_tp	UN-HAT6-1_NV_tp
UN-47205550_Tni_tp	UN-47205550_Tni_tp
UN-94470471_Spu_tp	UN-94470471_Spu_tp
UN-hAT-32_SM_tp	UN-hAT-32_SM_tp
UN-294896690_tp	UN-294896690_tp
UN-294896690_tp	UN-294900107_tp
UN-294951355_tp	UN-294951355_tp
UN-Hermit_tp	UN-Hermit_tp
UN-Hobo_tp	UN-Hobo_tp
UN-Hobo_tp	hAT-4_DRh_tp
UN-Hobo_tp	hAT-10_DBp_tp
UN-Hobo_tp	Homo1_tp
UN-Hobo_tp	Howilli2_tp
UN-Hobo_tp	Hermes_tp
UN-Hobo_tp	Hoana1_tp
UN-Hobo_tp	Hoana8_tp
UN-Hobo_tp	Homer_tp
UN-Hopers3_tp	UN-Hopers3_tp
UN-Hopers3_tp	Hoyak3_tp
UN-Hopers3_tp	hAT-1_DT_tp
UN-13259368_Nha_tp	UN-13259368_Nha_tp
UN-Ascot-1_tp	UN-Ascot-1_tp
UN-Restless_tp	UN-Restless_tp
UN-Tfo1_FO_tp	UN-Tfo1_FO_tp
UN-22327270_Ath_tp	UN-22327270_Ath_tp
UN-34914880_Osa_tp	UN-34914880_Osa_tp
UN-34914880_Osa_tp	hAT-10_SBi_tp
UN-34914880_Osa_tp	hAT-11_SBi_tp
UN-34914880_Osa_tp	hAT-12_SBi_tp
UN-37532706_Osa_tp	UN-37532706_Osa_tp
HAT-1_TCa_tp	HAT-1_TCa_tp
hAT-1_VC_tp	hAT-1_VC_tp
HAT-2_Mad_tp	HAT-2_Mad_tp
HAT-2_Mad_tp	HAT-1_Mad_tp
HAT-2_NV_tp	HAT-2_NV_tp
hAT-2_VC_tp	hAT-2_VC_tp
hAT-3_AMi_tp	hAT-3_AMi_tp
HAT-3_BF_tp	HAT-3_BF_tp
hAT-3_CGi_tp	hAT-3_CGi_tp
hAT-3_CPB_tp	hAT-3_CPB_tp
hAT-3_CPB_tp	hAT-24_CPB_tp
hAT-3_CPB_tp	HAT-29_SM_tp
HAT-3_Mad_tp	HAT-3_Mad_tp
HAT-3_Mad_tp	UN-hAT-1_PTr_tp
HAT-3_Mad_tp	HAT-11_Mad_tp
HAT-3_NV_tp	HAT-3_NV_tp
HAT-4_BF_tp	HAT-4_BF_tp
hAT-4_Crp_tp	hAT-4_Crp_tp
HAT-4_NV_tp	HAT-4_NV_tp
hAT-4_PTr_tp	hAT-4_PTr_tp
hAT-4_PTr_tp	HAT-6_Mad_tp
hAT-4_SBi_tp	hAT-4_SBi_tp
hAT-4_SBi_tp	UN-34906206_Osa_tp
hAT-4_SBi_tp	hAT-8_OS_tp
HAT-5_BF_tp	HAT-5_BF_tp
HAT-5_Mad_tp	HAT-5_Mad_tp
HAT-5_NV_tp	HAT-5_NV_tp
hAT-5_STu_tp	hAT-5_STu_tp
HAT-6_BF_tp	HAT-6_BF_tp
hAT-6_CPB_tp	hAT-6_CPB_tp
hAT-6_CPB_tp	hAT-35_LCh_tp
hAT-6_HM_tp	hAT-6_HM_tp
hAT-6_RPr_tp	hAT-6_RPr_tp
hAT-7_LCh_tp	hAT-7_LCh_tp
hAT-7_LCh_tp	UN-47203812_Tni_tp
hAT-7_LCh_tp	hAT-8_AMi_tp
hAT-7_LCh_tp	hAT-28_CPB_tp
hAT-8_SSa_tp	hAT-8_SSa_tp
hAT-8_SSa_tp	hAT-5_SSa_tp
HAT-9_NV_tp	HAT-9_NV_tp
HAT-10_NV_tp	HAT-10_NV_tp
hAT-11_FV_tp	hAT-11_FV_tp
hAT-12_AMi_tp	hAT-12_AMi_tp
hAT-12_CPB_tp	hAT-12_CPB_tp
hAT-12_HM_tp	hAT-12_HM_tp
hAT-12_HM_tp	hAT-22_HM_tp
hAT-13_CPB_tp	hAT-13_CPB_tp
hAT-14_CPB_tp	hAT-14_CPB_tp
HAT-14_Mad_tp	HAT-14_Mad_tp
hAT-15_CPB_tp	hAT-15_CPB_tp
hAT-15_HM_tp	hAT-15_HM_tp
hAT-15_LMi_tp	hAT-15_LMi_tp
hAT-16_CPB_tp	hAT-16_CPB_tp
hAT-18_HM_tp	hAT-18_HM_tp
HAT-20_SM_tp	HAT-20_SM_tp
HAT-20_SM_tp	UN-221125698_Hma_tp
hAT-21_LCh_tp	hAT-21_LCh_tp
HAT-21_SM_tp	HAT-21_SM_tp
HAT-22_SM_tp	HAT-22_SM_tp
hAT-24_HM_tp	hAT-24_HM_tp
hAT-24_LCh_tp	hAT-24_LCh_tp
HAT-24_SM_tp	HAT-24_SM_tp
hAT-25_HM_tp	hAT-25_HM_tp
hAT-25_HM_tp	hAT-42_HM_tp
HAT-27_SM_tp	HAT-27_SM_tp
hAT-28_LCh_tp	hAT-28_LCh_tp
hAT-29_LCh_tp	hAT-29_LCh_tp
hAT-30_LSal_tp	hAT-30_LSal_tp
HAT-30_SM_tp	HAT-30_SM_tp
HAT-31_SM_tp	HAT-31_SM_tp
HAT-31_SM_tp	hAT-36_SM_tp
hAT-34_HM_tp	hAT-34_HM_tp
hAT-35_HM_tp	hAT-35_HM_tp
hAT-37_LCh_tp	hAT-37_LCh_tp
hAT-37_SM_tp	hAT-37_SM_tp
hAT-38_HM_tp	hAT-38_HM_tp
hAT-38_HM_tp	hAT-20_HM_tp
hAT-40_HM_tp	hAT-40_HM_tp
hAT-40_LCh_tp	hAT-40_LCh_tp
hAT-47_HM_tp	hAT-47_HM_tp
hAT-47_SM_tp	hAT-47_SM_tp
hAT-54_HM_tp	hAT-54_HM_tp
hAT-55_HM_tp	hAT-55_HM_tp
hAT-56_HM_tp	hAT-56_HM_tp
hAT-61_HM_tp	hAT-61_HM_tp
hAT-67_HM_tp	hAT-67_HM_tp
hAT-68_HM_tp	hAT-68_HM_tp
HAT-71_HM_tp	HAT-71_HM_tp
hAT-73_HM_tp	hAT-73_HM_tp
hAT-73_HM_tp	hAT-76_HM_tp
HAT-74_HM_tp	HAT-74_HM_tp
hAT-80_HM_tp	hAT-80_HM_tp
hAT-82_HMa_tp	hAT-82_HMa_tp
hAT-82_HMa_tp	hAT-28_SSa_tp
hAT-84_HMa_tp	hAT-84_HMa_tp
PrTip_tp	PrTip_tp
RAHAT_tp	RAHAT_tp
RAHAT_tp	UN-Tip100_tp
RAHAT_tp	hAT-1_TC_tp
RAHAT_tp	hAT-2_PTr_tp
hAT-83_HMa_tp	hAT-83_HMa_tp
hAT-83_HMa_tp	hAT-33_HM_tp
hAT-83_HMa_tp	hAT-60_HM_tp
hATa-1_EHux_tp	hATa-1_EHux_tp
hAT-4B_AP_tp	hAT-4B_AP_tp
hAT-4D_AP_tp	hAT-4D_AP_tp
hAT-6_LSal_tp	hAT-6_LSal_tp
hAT-7_AP_tp	hAT-7_AP_tp
hAT-7_AP_tp	hAT-4C_AP_tp
hAT-7_AP_tp	hAT-5_AP_tp
HAT-7_SM_tp	HAT-7_SM_tp
hAT-8_AP_tp	hAT-8_AP_tp
hAT-8_AP_tp	hAT-6_AP_tp
HAT-8_SM_tp	HAT-8_SM_tp
HAT-8_SM_tp	hAT-3_HM_tp
HAT-9_SM_tp	HAT-9_SM_tp
HAT-9_SM_tp	HAT-78_HM_tp
HAT-10_SM_tp	HAT-10_SM_tp
hAT-19_LSal_tp	hAT-19_LSal_tp
hAT-28_LSal_tp	hAT-28_LSal_tp
hAT-32_LSal_tp	hAT-32_LSal_tp
hAT-38_SM_tp	hAT-38_SM_tp
hAT-59_HM_tp	hAT-59_HM_tp
HAT-77_HM_tp	HAT-77_HM_tp
hAT-81_HM_tp	hAT-81_HM_tp
HATm-1_AA_tp	HATm-1_AA_tp
HATm-1_CS_tp	HATm-1_CS_tp
HATm-1_HR_tp	HATm-1_HR_tp
hATm-1_LSal_tp	hATm-1_LSal_tp
HATm-1_SM_tp	HATm-1_SM_tp
HATm-2_AA_tp	HATm-2_AA_tp
HATm-2_HR_tp	HATm-2_HR_tp
hATm-2_SM_tp	hATm-2_SM_tp
HATm-3_AA_tp	HATm-3_AA_tp
HATm-3_HM_tp	HATm-3_HM_tp
HATm-3_HR_tp	HATm-3_HR_tp
HATm-4_HR_tp	HATm-4_HR_tp
HATm-6_HM_tp	HATm-6_HM_tp
HATm-6_HM_tp	hATm-39_HM_tp
HATm-7_HM_tp	HATm-7_HM_tp
HATm-9_HM_tp	HATm-9_HM_tp
HATm-11_HM_tp	HATm-11_HM_tp
HATm-12_HM_tp	HATm-12_HM_tp
hATm-14_HM_tp	hATm-14_HM_tp
hATm-14_HM_tp	hATm-60_HM_tp
hATm-15_HM_tp	hATm-15_HM_tp
hATm-17_HM_tp	hATm-17_HM_tp
hATm-17_HM_tp	hATm-40_HM_tp
hATm-17_HM_tp	hATw-1_HMa_tp
hATm-18_HM_tp	hATm-18_HM_tp
hATm-19_HM_tp	hATm-19_HM_tp
hATm-20_HM_tp	hATm-20_HM_tp
hATm-21_HM_tp	hATm-21_HM_tp
hATm-22_HM_tp	hATm-22_HM_tp
hATm-23_HM_tp	hATm-23_HM_tp
hATm-24_HM_tp	hATm-24_HM_tp
hATm-25_HM_tp	hATm-25_HM_tp
hATm-26_HM_tp	hATm-26_HM_tp
hATm-34_HM_tp	hATm-34_HM_tp
hATm-35_HM_tp	hATm-35_HM_tp
hATm-36_HM_tp	hATm-36_HM_tp
hATm-37_HM_tp	hATm-37_HM_tp
hATm-42_HM_tp	hATm-42_HM_tp
hATm-47_HM_tp	hATm-47_HM_tp
hATm-47_HM_tp	HATm-5_HM_tp
hATm-48_HM_tp	hATm-48_HM_tp
hATm-49_HM_tp	hATm-49_HM_tp
hATm-52_HM_tp	hATm-52_HM_tp
HATm-55_HM_tp	HATm-55_HM_tp
HATm-56_HM_tp	HATm-56_HM_tp
HATm-57_HM_tp	HATm-57_HM_tp
hATm-58_HM_tp	hATm-58_HM_tp
hATm-58_HM_tp	HATm-4_HM_tp
hATm-59_HM_tp	hATm-59_HM_tp
hATx-7_HM_tp	hATx-7_HM_tp
hATx-8_HMa_tp	hATx-8_HMa_tp
HATx-9_SM_tp	HATx-9_SM_tp
NAVIHAT1_tp	NAVIHAT1_tp
hAT-31_SSa_tp	hAT-31_SSa_tp
HATw-1_BF_tp	HATw-1_BF_tp
HATw-1_CCo_tp	HATw-1_CCo_tp
HATw-1_HM_tp	HATw-1_HM_tp
HATw-1_LB_tp	HATw-1_LB_tp
HATw-1_SP_tp	HATw-1_SP_tp
HATw-2_BF_tp	HATw-2_BF_tp
HATw-2_HM_tp	HATw-2_HM_tp
HATw-2_SP_tp	HATw-2_SP_tp
HATw-3_BF_tp	HATw-3_BF_tp
HATw-3_HM_tp	HATw-3_HM_tp
HATw-4_BF_tp	HATw-4_BF_tp
HATw-5_BF_tp	HATw-5_BF_tp
HAT-23_SM_tp	HAT-23_SM_tp
hATx-1_HM_tp	hATx-1_HM_tp
HATx-1_SM_tp	HATx-1_SM_tp
HATx-2_SM_tp	HATx-2_SM_tp
hATx-2B_SM_tp	hATx-2B_SM_tp
HATx-3_SM_tp	HATx-3_SM_tp
hATx-4_HM_tp	hATx-4_HM_tp
HATx-4_SM_tp	HATx-4_SM_tp
hATx-5_HM_tp	hATx-5_HM_tp
hATx-5_SM_tp	hATx-5_SM_tp
UN-48249215_Pin_tp	UN-48249215_Pin_tp
UN-Folyt1_Fox_tp	UN-Folyt1_Fox_tp
UN-TAG1_tp	UN-TAG1_tp
UN-TESSBIG_Osa_tp	UN-TESSBIG_Osa_tp
UN-4584355_Ath_tp	UN-4584355_Ath_tp
UN-4585932_Ath_tp	UN-4585932_Ath_tp
UN-9293884_Ath_tp	UN-9293884_Ath_tp
UN-11994527_Ath_tp	UN-11994527_Ath_tp
UN-11994527_Ath_tp	UN-15222347_Ath_tp
UN-15234974_Ath_tp	UN-15234974_Ath_tp
UN-22331419_Ath_tp	UN-22331419_Ath_tp
UN-22331419_Ath_tp	UN-9294359_Ath_tp
UN-25518174_Ath_tp	UN-25518174_Ath_tp
UN-25518425_Ath_tp	UN-25518425_Ath_tp
UN-31200611_Aga_tp	UN-31200611_Aga_tp
UN-31212193_Aga_tp	UN-31212193_Aga_tp
UN-32766289_Dre_tp	UN-32766289_Dre_tp
UN-34894392_Osa_tp	UN-34894392_Osa_tp
UN-34894392_Osa_tp	hAT1_SB_tp
UN-34913676_Osa_tp	UN-34913676_Osa_tp
UN-37534376_Osa_tp	UN-37534376_Osa_tp
UN-47085813_Dre_tp	UN-47085813_Dre_tp
UN-47209746_Tni_tp	UN-47209746_Tni_tp
UN-47210177_Tni_eg_tp	UN-47210177_Tni_eg_tp
UN-47777435_Osa_tp	UN-47777435_Osa_tp
UN-50762314_Gga_tp	UN-50762314_Gga_tp
UN-50907251_Osa_tp	UN-50907251_Osa_tp
UN-115748410_Spu_tp	UN-115748410_Spu_tp
UN-116308850_Osa_tp	UN-116308850_Osa_tp
UN-116308850_Osa_tp	UN-34897860_Osa_tp
UN-116308850_Osa_tp	UN-hAT-9_OS_tp
UN-116308850_Osa_tp	hAT3_SB_tp
UN-116308850_Osa_tp	UN-116317825_Osa_tp
UN-116308850_Osa_tp	hAT-4_GM_tp
UN-116308850_Osa_tp	HAT-12_Mad_tp
UN-116308850_Osa_tp	ZhAT2_ZM_tp
UN-116308850_Osa_tp	hAT-8_SBi_tp
UN-158138577_Api_tp	UN-158138577_Api_tp
UN-193587271_Api_tp	UN-193587271_Api_tp
UN-193603728_Api_tp	UN-193603728_Api_tp
UN-193659637_Api_tp	UN-193659637_Api_tp
UN-193685913_Api_tp	UN-193685913_Api_tp
UN-193690818_Api_tp	UN-193690818_Api_tp
UN-193713695_Api_tp	UN-193713695_Api_tp
UN-193716080_Api_tp	UN-193716080_Api_tp
UN-221106434_Hma_tp	UN-221106434_Hma_tp
UN-221114381_Hma_tp	UN-221114381_Hma_tp
UN-221116986_Hma_tp	UN-221116986_Hma_tp
UN-221119815_Hma_tp	UN-221119815_Hma_tp
UN-221120077_Hma_tp	UN-221120077_Hma_tp
UN-221130118_Hma_tp	UN-221130118_Hma_tp
UN-Arthur1_Api_tp	UN-Arthur1_Api_tp
UN-Arthur1_Api_tp	hAT-7_HM_tp
UN-Arthur1_Api_tp	hAT-32_CPB_tp
UN-Arthur1_Cin_tp	UN-Arthur1_Cin_tp
UN-Arthur1_Hma_tp	UN-Arthur1_Hma_tp
UN-Arthur1_Nvi_tp	UN-Arthur1_Nvi_tp
UN-Arthur2_Api_tp	UN-Arthur2_Api_tp
UN-Arthur3_Api_tp	UN-Arthur3_Api_tp
UN-Contig36717_Hma_tp	UN-Contig36717_Hma_tp
UN-gb_AC206122.1_Sko_tp	UN-gb_AC206122.1_Sko_tp
UN-HATSOD1_tp	UN-HATSOD1_tp
UN-PRKRIR_Oan_eg_tp	UN-PRKRIR_Oan_eg_tp
UN-PRKRIR_Oan_eg_tp	UN-189528805_Dre_tp
UN-PRKRIR_Oan_eg_tp	UN-XP_001923192.1_Dre_eg_tp
UN-PRKRIR_Oan_eg_tp	UN-NP_989053.1_Xtr_eg_tp
UN-PRKRIR_Oan_eg_tp	UN-PRKRIR_Hsa_eg_tp
UN-PRKRIR_Oan_eg_tp	UN-PRKRIR_Tgu_eg_tp
UN-strPur2_81956_tp	UN-strPur2_81956_tp
UN-XP_215777.3_tp	UN-XP_215777.3_tp
UN-Zaphod1_Api_tp	UN-Zaphod1_Api_tp
UN-Zaphod1_Hma_tp	UN-Zaphod1_Hma_tp
UN-Zaphod1_Ola_tp	UN-Zaphod1_Ola_tp
UN-Zaphod1_Osa_tp	UN-Zaphod1_Osa_tp
UN-Zaphod1_Osa_tp	hAT-6_SBi_tp
UN-Zaphod2_Api_tp	UN-Zaphod2_Api_tp
UN-Zaphod2_Api_tp	hAT-23_CPB_tp
UN-Zaphod2_Hma_tp	UN-Zaphod2_Hma_tp
UN-Zaphod2_Osa_tp	UN-Zaphod2_Osa_tp
UN-Zaphod3_Api_tp	UN-Zaphod3_Api_tp
UN-Zaphod3_Api_tp	UN-HAT-69_HM_tp
UN-Zaphod3_Hma_tp	UN-Zaphod3_Hma_tp
UN-Zaphod4_Hma_tp	UN-Zaphod4_Hma_tp
UN-ZNF862_Hsa_tp	UN-ZNF862_Hsa_tp
hAT-2_TV_tp	hAT-2_TV_tp
hAT-20_LSal_tp	hAT-20_LSal_tp
AeHerves2_tp	AeHerves2_tp
ATHAT1_tp	ATHAT1_tp
ATHAT7_tp	ATHAT7_tp
ATHAT7_tp	ATHAT2_tp
ATHAT7_tp	ATHAT3_tp
ATHAT7_tp	ATHAT8_tp
ATHAT7_tp	hAT-1_ALy_tp
ATHAT7_tp	hAT-1_EPa_tp
ATHAT9_tp	ATHAT9_tp
ATHAT9_tp	UN-5306256_Ath_tp
ATHAT9_tp	UN-9294198_Ath_tp
ATHAT10_tp	ATHAT10_tp
CHAPKA1_EM_tp	CHAPKA1_EM_tp
Furousha1_tp	Furousha1_tp
Furousha2_tp	Furousha2_tp
HAT1_AG_tp	HAT1_AG_tp
HAT1_AG_tp	HAT-2_AG_tp
HAT1_CI_tp	HAT1_CI_tp
HAT1_CI_tp	hAT-9_SSa_tp
HAT1_MT_tp	HAT1_MT_tp
HAT2_CI_tp	HAT2_CI_tp
HAT2_MT_tp	HAT2_MT_tp
HAT4_CI_tp	HAT4_CI_tp
hATx-6_HM_tp	hATx-6_HM_tp
HATx-6_SM_tp	HATx-6_SM_tp
HATx-10_SM_tp	HATx-10_SM_tp
hATx-20_SM_tp	hATx-20_SM_tp
hATx-21_SM_tp	hATx-21_SM_tp
hATx-22_SM_tp	hATx-22_SM_tp
hATx-23_SM_tp	hATx-23_SM_tp
hATx-24_SM_tp	hATx-24_SM_tp
hATx-25_SM_tp	hATx-25_SM_tp
hAT-2_DRh_tp	hAT-2_DRh_tp
hAT-2_DT_tp	hAT-2_DT_tp
hAT-3_DT_tp	hAT-3_DT_tp
hAT-6_DBp_tp	hAT-6_DBp_tp
hAT-6_DBp_tp	Homo4_tp
hAT-6_DBp_tp	Hoyak1_tp
hAT-6_DK_tp	hAT-6_DK_tp
hAT-6_DK_tp	hAT-7_DBp_tp
hAT-79_HM_tp	hAT-79_HM_tp
Hoana3_tp	Hoana3_tp
Hopers2_tp	Hopers2_tp
Hovi1_tp	Hovi1_tp
hAT-9_DBp_tp	hAT-9_DBp_tp
hAT-9_DBp_tp	Homo6_tp
PegasusA_tp	PegasusA_tp
Crypt1_tp	Crypt1_tp
hAT-1_AMi_tp	hAT-1_AMi_tp
hAT-1_AMi_tp	hAT-1_Mam_tp
hAT-1_ATr_tp	hAT-1_ATr_tp
hAT-1_HM_tp	hAT-1_HM_tp
hAT-1_LSa_tp	hAT-1_LSa_tp
hAT-1_LSa_tp	VIHAT2_tp
hAT-1_PR_tp	hAT-1_PR_tp
hAT-1_SBi_tp	hAT-1_SBi_tp
hAT-1_SBi_tp	hAT-18_ZM_tp
hAT-2_ATr_tp	hAT-2_ATr_tp
hAT-2_HM_tp	hAT-2_HM_tp
hAT-2_NN_tp	hAT-2_NN_tp
hAT-2_STu_tp	hAT-2_STu_tp
hAT-3_ATr_tp	hAT-3_ATr_tp
hAT-3_STu_tp	hAT-3_STu_tp
hAT-3_STu_tp	hAT-19_Mad_tp
hAT-4_CCri_tp	hAT-4_CCri_tp
hAT-4_CCri_tp	hAT-5_CCri_tp
hAT-5_Crp_tp	hAT-5_Crp_tp
hAT-5_GM_tp	hAT-5_GM_tp
hAT-5_GM_tp	hAT-4_STu_tp
hAT-5_PTr_tp	hAT-5_PTr_tp
hAT-5_PTr_tp	hAT-5B_PTr_tp
hAT-5_PTr_tp	hAT-14_SBi_tp
hAT-5_PTr_tp	SHATAG_MT_tp
hAT-5_SBi_tp	hAT-5_SBi_tp
hAT-6_CCri_tp	hAT-6_CCri_tp
hAT-6_PTr_tp	hAT-6_PTr_tp
hAT-7_SBi_tp	hAT-7_SBi_tp
HAT-7_VV_tp	HAT-7_VV_tp
hAT-8_ATr_tp	hAT-8_ATr_tp
hAT-9_SBi_tp	hAT-9_SBi_tp
hAT-10_ATr_tp	hAT-10_ATr_tp
hAT-10_ATr_tp	hAT-7_ATr_tp
hAT-10_ATr_tp	hAT-9_ATr_tp
hAT-11_ATr_tp	hAT-11_ATr_tp
hAT-12_ATr_tp	hAT-12_ATr_tp
hAT-12_FV_tp	hAT-12_FV_tp
hAT-13_AMi_tp	hAT-13_AMi_tp
hAT-13_FV_tp	hAT-13_FV_tp
hAT-23_SSa_tp	hAT-23_SSa_tp
HAT-25_SM_tp	HAT-25_SM_tp
hAT-31_LSal_tp	hAT-31_LSal_tp
hAT-44_HM_tp	hAT-44_HM_tp
VIHAT1_tp	VIHAT1_tp
VIHAT1_tp	HAT-4_Mad_tp
VIHAT1_tp	HAT-17_Mad_tp
ZhAT12_ZM_tp	ZhAT12_ZM_tp
Art1_Cis_tp	Art1_Cis_tp
Gulliver_tp	Gulliver_tp
hAT2_SB_tp	hAT2_SB_tp
hAT4_SB_tp	hAT4_SB_tp
hAT7_SP_tp	hAT7_SP_tp
hAT-1_ADi_tp	hAT-1_ADi_tp
HAT-1_BF_tp	HAT-1_BF_tp
hAT-1_EHux_tp	hAT-1_EHux_tp
hAT-1_SK_tp	hAT-1_SK_tp
hAT-1_STu_tp	hAT-1_STu_tp
HAT-13_Mad_tp	HAT-13_Mad_tp
hAT-13_SBi_tp	hAT-13_SBi_tp
hAT-13_VVi_tp	hAT-13_VVi_tp
hAT-14_Crp_tp	hAT-14_Crp_tp
hAT-14_Crp_tp	hAT-14_LCh_tp
hAT-15_LSal_tp	hAT-15_LSal_tp
HAT-15_Mad_tp	HAT-15_Mad_tp
HAT-15_Mad_tp	HAT-7_Mad_tp
hAT-15_SBi_tp	hAT-15_SBi_tp
HAT-15_ZM_tp	HAT-15_ZM_tp
HAT-16_Mad_tp	HAT-16_Mad_tp
hAT-16_ZM_tp	hAT-16_ZM_tp
hAT-16_ZM_tp	UN-34909382_Osa_tp
hAT-16_ZM_tp	UN-38345535_Osa_tp
hAT-16_ZM_tp	hAT-2_SBi_tp
hAT-16_ZM_tp	hAT-2_SIt_tp
hAT-16_ZM_tp	hAT-3_SBi_tp
hAT-16_ZM_tp	hAT-19_ZM_tp
hAT-16_ZM_tp	hAT-24_ZM_tp
hAT-16_ZM_tp	ZhAT3_ZM_tp
hAT-16_ZM_tp	ZhAT8_ZM_tp
hAT-16_ZM_tp	ZhAT10_ZM_tp
hAT-17_Croc_tp	hAT-17_Croc_tp
hAT-17_Croc_tp	hAT-12B_Crp_tp
hAT-17_Croc_tp	hAT-2_Crp_tp
hAT-17_Croc_tp	hAT-4_AMi_tp
hAT-18_LCh_tp	hAT-18_LCh_tp
hAT-20_Mad_tp	hAT-20_Mad_tp
hAT-21_ZM_tp	hAT-21_ZM_tp
hAT-22_ZM_tp	hAT-22_ZM_tp
hAT-22_ZM_tp	hAT-1_BDi_tp
hAT-26_HM_tp	hAT-26_HM_tp
hAT-26_LCh_tp	hAT-26_LCh_tp
hAT-26_ZM_tp	hAT-26_ZM_tp
hAT-27_HM_tp	hAT-27_HM_tp
hAT-28_HM_tp	hAT-28_HM_tp
hAT-30_HM_tp	hAT-30_HM_tp
hAT-31_LMi_tp	hAT-31_LMi_tp
hAT-34_DR_tp	hAT-34_DR_tp
hAT-37_HM_tp	hAT-37_HM_tp
hAT-38_SSa_tp	hAT-38_SSa_tp
hAT-45_HM_tp	hAT-45_HM_tp
hAT-52_HM_tp	hAT-52_HM_tp
hAT-53_HM_tp	hAT-53_HM_tp
hAT-66_HM_tp	hAT-66_HM_tp
HAT-70_HM_tp	HAT-70_HM_tp
Hoana7_tp	Hoana7_tp
Homo5_tp	Homo5_tp
Homo7_tp	Homo7_tp
Homo8_tp	Homo8_tp
Hoyak2_tp	Hoyak2_tp
METRAHAT_tp	METRAHAT_tp
TAG2_tp	TAG2_tp
TAG2_tp	UN-4218001_Ath_tp
TAM3_AM_tp	TAM3_AM_tp
TEMPINDAS_tp	TEMPINDAS_tp
TEMPINDAS_tp	hAT-23_ZM_tp
TEMPINDAS_tp	TEMPINDAS-1_SB_tp
TWIFBIG_tp	TWIFBIG_tp
TWIFBIG_tp	TWIFB1_tp
HAT6-1_SP_tp	HAT6-1_SP_tp
HAT6-2_NV_tp	HAT6-2_NV_tp
HAT6-2_SP_tp	HAT6-2_SP_tp
hAT8_SP_tp	hAT8_SP_tp
hAT-1_DBp_tp	hAT-1_DBp_tp
hAT-1_HSal_tp	hAT-1_HSal_tp
hAT-14_SSa_tp	hAT-14_SSa_tp
hAT-14_SSa_tp	hAT-30_CPB_tp
hAT-18_SSa_tp	hAT-18_SSa_tp
hAT-23_LCh_tp	hAT-23_LCh_tp
hAT-25_LCh_tp	hAT-25_LCh_tp
hAT-26_CPB_tp	hAT-26_CPB_tp
hAT-26_LMi_tp	hAT-26_LMi_tp
HAT-28_SM_tp	HAT-28_SM_tp
hAT-29_HM_tp	hAT-29_HM_tp
hAT-29_HM_tp	hAT-46_HM_tp
hAT-38_LCh_tp	hAT-38_LCh_tp
hAT-40_SSa_tp	hAT-40_SSa_tp
hAT-85_HMa_tp	hAT-85_HMa_tp
hAT-27_LSal_tp	hAT-27_LSal_tp
AeBuster1_tp	AeBuster1_tp
AeBuster3_tp	AeBuster3_tp
AeBuster3_tp	HAT-7_XT_tp
Chaplin4_FR_tp	Chaplin4_FR_tp
Chaplin4_FR_tp	hAT-7_SSa_tp
Chaplin4_FR_tp	hAT-1_SSa_tp
Chaplin4_FR_tp	UN-47215859_Tni_tp
Chaplin4_FR_tp	HAT-3_SM_tp
Chaplin5_FR_tp	Chaplin5_FR_tp
Chaplin6_FR_tp	Chaplin6_FR_tp
Chaplin8_FR_tp	Chaplin8_FR_tp
Chaplin8_FR_tp	hAT-33_DR_tp
Chaplin8_FR_tp	HAT-1_XT_tp
Charlie12_Prosim_tp	Charlie12_Prosim_tp
Charlie12_Prosim_tp	Charlie12_GG_tp
HAT3_CI_tp	HAT3_CI_tp
HAT6_CI_tp	HAT6_CI_tp
hAT-1_CTe_tp	hAT-1_CTe_tp
hAT-1_PBa_tp	hAT-1_PBa_tp
hAT-1_PPI_tp	hAT-1_PPI_tp
HAT-1_SM_tp	HAT-1_SM_tp
hAT-2_LMi_tp	hAT-2_LMi_tp
hAT-2_RPr_tp	hAT-2_RPr_tp
hAT-2_RPr_tp	hAT-6_SSa_tp
HAT-2_SM_tp	HAT-2_SM_tp
hAT-2B_PM_tp	hAT-2B_PM_tp
hAT-3_AC_tp	hAT-3_AC_tp
hAT-3_AC_tp	hAT-1_DAn_tp
