MuDR-5_RC_tp	MuDR-5_RC_tp
MuDR-5_SBi	MuDR-5_SBi
MuDR-5_SBi	MuDR-7_ZM
MuDR-5_SBi	MuDR-8_ZM
MuDR-5_SBi	MuDR-4_ZM
MuDR-5_SBi	MuDR-5_ZM
MuDR-5_STu_tp	MuDR-5_STu_tp
MuDR-6_ALy_p2	MuDR-6_ALy_p2
MuDR-6_ALy_p2	MuDR-12_ALy_p2
MuDR-6_ALy_p2	Vandal8_p3
MuDR-6_ALy_tp	MuDR-6_ALy_tp
MuDR-6_ATr_p2	MuDR-6_ATr_p2
MuDR-6_ATr_tp	MuDR-6_ATr_tp
MuDR-6_CCri_tp	MuDR-6_CCri_tp
MuDR-6_FV_tp	MuDR-6_FV_tp
MuDR-6_HM	MuDR-6_HM
MuDR-6_PI_p2	MuDR-6_PI_p2
MuDR-6_RC	MuDR-6_RC
MuDR-6_SBi_p2	MuDR-6_SBi_p2
MuDR-6_SBi_p3	MuDR-6_SBi_p3
MuDR-6_SBi_tp	MuDR-6_SBi_tp
MuDR-6_TV	MuDR-6_TV
MuDR-7_ALy_p4	MuDR-7_ALy_p4
MuDR-7_CCri	MuDR-7_CCri
MuDR-7_CCri	MuDR-7B_CCri
MuDR-7_FV_tp	MuDR-7_FV_tp
MuDR-7_LSal	MuDR-7_LSal
MuDR-7_PI_p2	MuDR-7_PI_p2
MuDR-7_PI_p2	MuDR-9_PI_p2
MuDR-7_SBi	MuDR-7_SBi
MuDR-7_TV	MuDR-7_TV
MuDR-7_TV	MuDR-5_TV
MuDR-7_VV_tp	MuDR-7_VV_tp
MuDR-8_ATr_tp	MuDR-8_ATr_tp
MuDR-8_ATr_tp	MuDR-5_ATr_tp
MuDR-8_FV_tp	MuDR-8_FV_tp
MuDR-8_Mad_tp	MuDR-8_Mad_tp
MuDR-8_PI_p2	MuDR-8_PI_p2
MuDR-8_PI_tp	MuDR-8_PI_tp
MuDR-8_PI_tp	MuDR-2_PI_tp
MuDR-8_SBi	MuDR-8_SBi
MuDR-8_VV_tp	MuDR-8_VV_tp
MuDR-9_ATr_p2	MuDR-9_ATr_p2
MuDR-9_ATr_tp	MuDR-9_ATr_tp
MuDR-9_FV_tp	MuDR-9_FV_tp
MuDR-9_SBi_p2	MuDR-9_SBi_p2
MuDR-9_SBi_tp	MuDR-9_SBi_tp
MuDR-9_VV_tp	MuDR-9_VV_tp
MuDR-10_ATr	MuDR-10_ATr
MuDR-10_CCri	MuDR-10_CCri
MuDR-10_Mad_tp	MuDR-10_Mad_tp
MuDR-11_ALy_p1	MuDR-11_ALy_p1
MuDR-11_ALy_p1	MuDR-1_EPa
MuDR-11_ALy_p1	MuDR-10_ALy_p1
MuDR-11_ATr_tp	MuDR-11_ATr_tp
MuDR-11_PI_p2	MuDR-11_PI_p2
MuDR-11_PI_tp	MuDR-11_PI_tp
MuDR-11_SBi_tp	MuDR-11_SBi_tp
MuDR-11_SBi_tp	MUJITOS2_tp
MuDR-11N_VV_tp	MuDR-11N_VV_tp
MuDR-11N_VV_tp	MuDR-6_VV_tp
MuDR-12_ATr	MuDR-12_ATr
MuDR-12_PI_tp	MuDR-12_PI_tp
MuDR-12_PI_tp	MuDR-10_PI_tp
MuDR-12_SBi_p2	MuDR-12_SBi_p2
MuDR-12_SBi_tp	MuDR-12_SBi_tp
MuDR-12_VV_tp	MuDR-12_VV_tp
MuDR-13_ALy_p2	MuDR-13_ALy_p2
MuDR-13_ALy_tp	MuDR-13_ALy_tp
MuDR-13_ATr_tp	MuDR-13_ATr_tp
MuDR-13_ATr_tp	MuDR-13B_ATr_tp
MuDR-13_CCri_3p	MuDR-13_CCri_3p
MuDR-13_CCri_mt	MuDR-13_CCri_mt
MuDR-13_PI_tp	MuDR-13_PI_tp
MuDR-13_SBi_tp	MuDR-13_SBi_tp
MuDR-14_CCri_tp	MuDR-14_CCri_tp
MuDR-14_CCri_tp	MuDR-5_CCri
MuDR-14_PI_p2	MuDR-14_PI_p2
MuDR-14_PI_p2	MuDR-16_PI_p2
MuDR-14_PI_p2	MuDR-23_PI_p2
MuDR-14_PI_tp	MuDR-14_PI_tp
MuDR-14_PI_tp	MuDR-18_PI_p1
MuDR-14_PI_tp	MuDR-19_PI_p1
MuDR-14_PI_tp	MuDR-22_PI_tp
MuDR-15_GMa_tp	MuDR-15_GMa_tp
MuDR-15_SBi_tp	MuDR-15_SBi_tp
MuDR-15_SBi_tp	MuDR-14_SBi_tp
MuDR-16_ALy_tp	MuDR-16_ALy_tp
MuDR-16_SBi_tp	MuDR-16_SBi_tp
MuDR-17_ALy_p3	MuDR-17_ALy_p3
MuDR-17_CCri	MuDR-17_CCri
MuDR-17_PI_p1	MuDR-17_PI_p1
MuDR-17_PI_p2	MuDR-17_PI_p2
MuDR-17_PI_p2	MuDR-20_PI_p2
MuDR-17_SBi_tp	MuDR-17_SBi_tp
MuDR-18_CCri_tp	MuDR-18_CCri_tp
Vandal22_tp	Vandal22_tp
MuDR-1_BF	MuDR-1_BF
MuDR-1_CI_p1	MuDR-1_CI_p1
MuDR-1_CI_p2	MuDR-1_CI_p2
MuDR-1_DEl	MuDR-1_DEl
MuDR-1_DEl	MuDR-1_DT
MuDR-1_DK	MuDR-1_DK
MuDR-1_DK	NOF_FB
MuDR-1_DK	MuDR-1_DF
MuDR-1_LHu	MuDR-1_LHu
MuDR-1_RPr	MuDR-1_RPr
MuDR-2_SPur	MuDR-2_SPur
MuDR-4_HM_p2	MuDR-4_HM_p2
Rehavkus1_AP	Rehavkus1_AP
Rehavkus-1_CFl	Rehavkus-1_CFl
Rehavkus-1_CS	Rehavkus-1_CS
Rehavkus-1_DA	Rehavkus-1_DA
Rehavkus-1_HR	Rehavkus-1_HR
Rehavkus-1_NVi_p1	Rehavkus-1_NVi_p1
Rehavkus-1_NVi_p2	Rehavkus-1_NVi_p2
Rehavkus-1_TC	Rehavkus-1_TC
Rehavkus-2_CS	Rehavkus-2_CS
Rehavkus-2_HR	Rehavkus-2_HR
Rehavkus-2_NVi	Rehavkus-2_NVi
Rehavkus-2_TC	Rehavkus-2_TC
Rehavkus-3_TC	Rehavkus-3_TC
MuDRx-1_AAe	MuDRx-1_AAe
MuDRx-1_LVa	MuDRx-1_LVa
MuDRx-1_PPI	MuDRx-1_PPI
MuDRx-5_PI	MuDRx-5_PI
MuDRx-5_PI	MuDRx-3_PI
MuDRx-5_PI	MuDRx-4_PI
MuDRx-6_PI	MuDRx-6_PI
MuDRx-7_PI	MuDRx-7_PI
MuDRx-8_PI	MuDRx-8_PI
MuDRx-10_PI	MuDRx-10_PI
MuDRx-10_PI	MuDRx-2_PI
MuDRx-12_PI	MuDRx-12_PI
MuDRx-12_PI	MuDRx-11_PI
MuDRx-13_PI	MuDRx-13_PI
MuDR-18_SBi_tp	MuDR-18_SBi_tp
MuDR-19_CCri_tp	MuDR-19_CCri_tp
MuDR-19_PI_p2	MuDR-19_PI_p2
MuDR-19_PI_p2	MuDR-22_PI_p2
MuDR-19_PI_p2	MuDR-18_PI_p2
MuDR-19_SBi_tp	MuDR-19_SBi_tp
MuDR-19_SBi_tp	OSMU5_tp
MuDR-20_CCri	MuDR-20_CCri
MuDR-20_PI_tp	MuDR-20_PI_tp
MuDR-21_VV_tp	MuDR-21_VV_tp
MuDR-24_PI	MuDR-24_PI
MuDR-25_PI	MuDR-25_PI
MuDR-26_PI_p2	MuDR-26_PI_p2
MuDR-26_PI_tp	MuDR-26_PI_tp
MuDR-27_PI_p2	MuDR-27_PI_p2
MuDR-27_PI_tp	MuDR-27_PI_tp
MuDR-28_PI_p2	MuDR-28_PI_p2
MuDR-28_PI_tp	MuDR-28_PI_tp
MuDR-29_PI_tp	MuDR-29_PI_tp
MuDR-30_PI_p2	MuDR-30_PI_p2
MuDR-30_PI_tp	MuDR-30_PI_tp
MuDR-32_PI_pt	MuDR-32_PI_pt
MuDR-32_PI_tp	MuDR-32_PI_tp
MuDR-33_PI_p2	MuDR-33_PI_p2
MuDR-33_PI_tp	MuDR-33_PI_tp
MuDR-33_PI_tp	MuDR-31_PI_tp
MuDR-33_PI_tp	MuDR-16_PI_p1
MuDR-33_PI_tp	MuDR-23_PI_tp
MuDR-34_PI	MuDR-34_PI
MuDR-35_PI_pt	MuDR-35_PI_pt
MuDR-35_PI_tp	MuDR-35_PI_tp
MuDR-36_PI_tp	MuDR-36_PI_tp
MuDR-37_PI	MuDR-37_PI
MuDR-39_PI	MuDR-39_PI
MuDR-40_PI	MuDR-40_PI
MuDR-41_PI_p2	MuDR-41_PI_p2
MuDR-41_PI_tp	MuDR-41_PI_tp
MuDR-42_PI	MuDR-42_PI
MuDR_ZM_tp	MuDR_ZM_tp
MuDRASH3_MT_tp	MuDRASH3_MT_tp
MuDRAVI1_tp	MuDRAVI1_tp
MuDRAVI1_tp	MuDR-13_VV_tp
MuDRAVI2_p2	MuDRAVI2_p2
MuDRAVI2_tp	MuDRAVI2_tp
MuDRAVI2_tp	MuDR-22_VV_tp
MuDRB_PT_tp	MuDRB_PT_tp
MuDROS1	MuDROS1
MuDROS2_tp	MuDROS2_tp
MuDRx-1_PI	MuDRx-1_PI
MuDRx-1_TV	MuDRx-1_TV
MuDRx-9_PI	MuDRx-9_PI
MuDRx-14_PI	MuDRx-14_PI
MuDRx-15_PI	MuDRx-15_PI
MuDRx-16_PI	MuDRx-16_PI
MuDRx-17_PI	MuDRx-17_PI
MuDRx-18_PI	MuDRx-18_PI
MuDRx-19_PI_pt	MuDRx-19_PI_pt
MuDRx-19_PI_tp	MuDRx-19_PI_tp
MuDRx-19_PI_tp	MuDRx-22_PI
MuDRx-20_P_tpI	MuDRx-20_P_tpI
MuDRx-20_P_tpI	MuDRx-21_PI_tp
MuDRx-20_PI_p2	MuDRx-20_PI_p2
MuDRx-21_PI_p2	MuDRx-21_PI_p2
MUDSOLT1	MUDSOLT1
MUJITOS1	MUJITOS1
MUJITOS1	MuDR3_ZM_tp
MUJITOS1	MuDR-10_ZM
MUJITOS1	Jittery
Mule1_Ei	Mule1_Ei
MULE-1_PI	MULE-1_PI
MUMET1_tp	MUMET1_tp
MUMET2_tp	MUMET2_tp
MUMT_tp	MUMT_tp
MuSHAN_MT_tp	MuSHAN_MT_tp
OSMU4_tp	OSMU4_tp
OSMU6_tp	OSMU6_tp
OSMUD1_tp	OSMUD1_tp
RMU1A23	RMU1A23
SHAMUDRA3_MT	SHAMUDRA3_MT
SHAMUDRA3_MT	SHAMUDRA_MT_tp
SHAMUDRAV_MT_p3	SHAMUDRAV_MT_p3
SHAMUDRAV_MT_tp	SHAMUDRAV_MT_tp
Vandal1_tp	Vandal1_tp
Vandal4_tp	Vandal4_tp
Vandal4_tp	Vandal5_tp
Vandal6_tp	Vandal6_tp
Vandal7_tp	Vandal7_tp
Vandal8_tp	Vandal8_tp
Vandal8_tp	MuDR-12_ALy_tp
Vandal9_pt	Vandal9_pt
Vandal9_tp	Vandal9_tp
Vandal14_p3	Vandal14_p3
Vandal14_tp	Vandal14_tp
Vandal16_tp	Vandal16_tp
Vandal18_p2	Vandal18_p2
Vandal20_p4	Vandal20_p4
Vandal20_tp	Vandal20_tp
Vandal21_p3	Vandal21_p3
MuDR-1_GR_p2	MuDR-1_GR_p2
MuDR-1_GR_tp	MuDR-1_GR_tp
MuDR-1_JC_tp	MuDR-1_JC_tp
MuDR-1_LSal	MuDR-1_LSal
MuDR-1_LU_p2	MuDR-1_LU_p2
MuDR-1_Mad_tp	MuDR-1_Mad_tp
MuDR-1_MLP_tp	MuDR-1_MLP_tp
MuDR-1_MLP_tp	MuDR-2_MLP_tp
MuDR-1_MN_tp	MuDR-1_MN_tp
MuDR-1_NV	MuDR-1_NV
MuDR-1_PGr_tp	MuDR-1_PGr_tp
MuDR-1_PI	MuDR-1_PI
MuDR-1_PI	MuDR-15_PI
MuDR-1_PPa_tp	MuDR-1_PPa_tp
MuDR-1_PPe	MuDR-1_PPe
MuDR-1_PPI_p2	MuDR-1_PPI_p2
MuDR-1_PPI_tp	MuDR-1_PPI_tp
MuDR-1_PPI_tp	MuDR-6_PI_tp
MuDR-1_PPI_tp	MuDR-7_PI_tp
MuDR-1_PPI_tp	MuDR-9_PI_tp
MuDR-1_PSo	MuDR-1_PSo
MuDR-1_PSt_tp	MuDR-1_PSt_tp
MuDR-1_RC	MuDR-1_RC
MuDR-1_ROr	MuDR-1_ROr
MuDR-1_ROr	MuDR-2_ROr
MuDR-1_TC_tp	MuDR-1_TC_tp
MuDR-1_TMe	MuDR-1_TMe
MuDR-1_TV	MuDR-1_TV
MuDR-1x_AP	MuDR-1x_AP
MuDR-1x_SP	MuDR-1x_SP
MuDR-2_AIp	MuDR-2_AIp
MuDR-2_ALy_p2	MuDR-2_ALy_p2
MuDR-2_BDi	MuDR-2_BDi
MuDR-2_CCri	MuDR-2_CCri
MuDR-2_CSa	MuDR-2_CSa
MuDR-2_FO_tp	MuDR-2_FO_tp
MuDR-2_FO_tp	MuDR-1_FO_tp
MuDR-2_FV_tp	MuDR-2_FV_tp
MuDR-2_GR	MuDR-2_GR
MuDR-2_GR	MuDR-3_GR
MuDR-2_GR	MuDR-5_GR_tp
MuDR-2_HM	MuDR-2_HM
MuDR-2_LU_p2	MuDR-2_LU_p2
MuDR-2_Mad_tp	MuDR-2_Mad_tp
MuDR-2_NV	MuDR-2_NV
MuDR-2_PGr_tp	MuDR-2_PGr_tp
MuDR-2_PI_p2	MuDR-2_PI_p2
MuDR-2_PSo	MuDR-2_PSo
MuDR-2_PSo	MuDR-2_PPI
MuDR-2_PTc	MuDR-2_PTc
MuDR-2_PTc	MuDR-1_PTc
MuDR-2_RC	MuDR-2_RC
MuDR-2_TC_p3	MuDR-2_TC_p3
MuDR-2_TC_tp	MuDR-2_TC_tp
MuDR-2_TV	MuDR-2_TV
MuDR-3_ALy_p3	MuDR-3_ALy_p3
MuDR-3_ALy_tp	MuDR-3_ALy_tp
MuDR-3_ALy_tp	Vandal18_tp
MuDR-3_ATr_tp	MuDR-3_ATr_tp
MuDR-3_ATr_tp	MuDR-14_ATr_tp
MuDR-3_ECa_tp	MuDR-3_ECa_tp
MuDR-3_ECa_tp	MuDR-2_ECa
MuDR-3_HM	MuDR-3_HM
MuDR-3_LSal	MuDR-3_LSal
MuDR-3_Mad_tp	MuDR-3_Mad_tp
MuDR-3_MLP_tp	MuDR-3_MLP_tp
MuDR-3_PGr_tp	MuDR-3_PGr_tp
MuDR-3_PI	MuDR-3_PI
MuDR-3_PI	MuDR-38_PI
MuDR-3_PPI	MuDR-3_PPI
MuDR-3_PSo	MuDR-3_PSo
MuDR-3_RC	MuDR-3_RC
MuDR-3_RC	MuDR-4_RC
MuDR-3_ROr	MuDR-3_ROr
MuDR-3_SBi_p2	MuDR-3_SBi_p2
MuDR-3_TC_tp	MuDR-3_TC_tp
MuDR-3_TV	MuDR-3_TV
MuDR-3_VV_tp	MuDR-3_VV_tp
MuDR-3_VV_tp	MuDR-4_VV_tp
MuDR-3_VV_tp	MuDR-5_VV_tp
MuDR-4_ALy_tp	MuDR-4_ALy_tp
MuDR-4_ATr_tp	MuDR-4_ATr_tp
MuDR-4_CCri_tp	MuDR-4_CCri_tp
MuDR-4_CGi	MuDR-4_CGi
MuDR-4_EPa_tp	MuDR-4_EPa_tp
MuDR-4_EPa_tp	UN-Vandal17_tp
MuDR-4_Mad_tp	MuDR-4_Mad_tp
MuDR-4_PI_p2	MuDR-4_PI_p2
MuDR-4_PI_tp	MuDR-4_PI_tp
MuDR-4_SBi_tp	MuDR-4_SBi_tp
MuDR-4_TC	MuDR-4_TC
MuDR-4_TV	MuDR-4_TV
MuDR-5_ALy_p2	MuDR-5_ALy_p2
MuDR-5_ALy_pt	MuDR-5_ALy_pt
MuDR-5_EPa	MuDR-5_EPa
MuDR-5_GR_p2	MuDR-5_GR_p2
MuDR-5_LSal	MuDR-5_LSal
MuDR-5_Mad_tp	MuDR-5_Mad_tp
MuDR-5_OS_tp	MuDR-5_OS_tp
MuDR-5_PI	MuDR-5_PI
CeMuDR1	CeMuDR1
CeMuDR2	CeMuDR2
Ricksha	Ricksha
UN-77706_Pce	UN-77706_Pce
UN-77706_Pce	UN-47572415_Rge
UN-208687_Bce	UN-208687_Bce
UN-1617569_Rop	UN-1617569_Rop
UN-1617569_Rop	UN-4210728_Mav
UN-1617569_Rop	UN-IS1245_Lxy
UN-1617569_Rop	UN-IS1535_Mtu
UN-1617569_Rop	UN-IS1553_Mtu
UN-4335673_Mav	UN-4335673_Mav
UN-4335673_Mav	UN-21234258_Sco
UN-4335673_Mav	UN-29826765_Sav
UN-6175165_Ath_tp	UN-6175165_Ath_tp
UN-6456721_Bli	UN-6456721_Bli
UN-7267539_Ath	UN-7267539_Ath
UN-7321061_Ath	UN-7321061_Ath
UN-7321061_Ath	MuDR-15_ALy_tp
UN-7321061_Ath	Vandal21_tp
UN-13358810_Cti	UN-13358810_Cti
UN-13928075_Cpa	UN-13928075_Cpa
UN-15384307_Ehi	UN-15384307_Ehi
UN-15923405_Sau	UN-15923405_Sau
UN-15923405_Sau	UN-28848570_Bme
UN-15923405_Sau	UN-48825267_Efa
UN-15923405_Sau	UN-ISEf1_Efa
UN-17534253_Cel	UN-17534253_Cel
UN-17544214_Cel	UN-17544214_Cel
UN-17555878_Cel	UN-17555878_Cel
UN-18539138_Cin	UN-18539138_Cin
UN-18539138_Cin	UN-17976675_Cin
UN-19848307_Cje	UN-19848307_Cje
UN-21229059_Mma	UN-21229059_Mma
UN-21229059_Mma	UN-53731543_Mbu
UN-23577976_Cef	UN-23577976_Cef
UN-23577976_Cef	UN-9945808_Cst
UN-23577976_Cef	UN-30349493_Cje
UN-23928448_Zma	UN-23928448_Zma
UN-25028021_Cef	UN-25028021_Cef
UN-25028021_Cef	UN-549115_Cdi
UN-26554410_Mpe	UN-26554410_Mpe
UN-27228664_Pre	UN-27228664_Pre
UN-27228664_Pre	UN-24210994_Asa
UN-27228664_Pre	UN-24372299_Son
UN-27228664_Pre	UN-33334431_Sen
UN-27228664_Pre	UN-IS285_Ype
UN-27228664_Pre	UN-45360229_Pae
UN-27353421_Mim	UN-27353421_Mim
UN-27376890_Bja	UN-27376890_Bja
UN-27376890_Bja	UN-23013207_Mma
UN-27377274_Bja	UN-27377274_Bja
UN-27802457_Ppa	UN-27802457_Ppa
UN-27807845_Taq	UN-27807845_Taq
UN-27881402_Cce	UN-27881402_Cce
UN-28373056_Yen	UN-28373056_Yen
UN-29376391_Efa	UN-29376391_Efa
UN-29569842_Pso	UN-29569842_Pso
UN-29569842_Pso	UN-48762981_Rru
UN-32473311_Rba	UN-32473311_Rba
UN-34497771_Cvi	UN-34497771_Cvi
UN-34908366_Osa_tp	UN-34908366_Osa_tp
UN-37537156_Osa_tp	UN-37537156_Osa_tp
UN-39594847_Cbr	UN-39594847_Cbr
UN-40063663_uba	UN-40063663_uba
UN-42520146_Wen	UN-42520146_Wen
UN-42520146_Wen	UN-50878058_Dps
UN-42520146_Wen	UN-29349845_Bth
UN-46132715_Reu	UN-46132715_Reu
UN-46132715_Reu	UN-46320998_Bce
UN-46132715_Reu	UN-ISMca5_Mca
UN-46132715_Reu	UN-ISRso7_Rso
UN-46132715_Reu	UN-48785218_Bfu
UN-46141805_Psp	UN-46141805_Psp
UN-46190959_Blo	UN-46190959_Blo
UN-46199734_Tth	UN-46199734_Tth
UN-46321330_Bce	UN-46321330_Bce
UN-48675369_Bsp	UN-48675369_Bsp
UN-48788992_Bfu	UN-48788992_Bfu
UN-48788992_Bfu	UN-472419_Afe
UN-48824616_Efa	UN-48824616_Efa
UN-48831894_Msp	UN-48831894_Msp
UN-48851728_Fac	UN-48851728_Fac
UN-48852982_Fac	UN-48852982_Fac
UN-48859976_Cth	UN-48859976_Cth
UN-48859976_Cth	UN-37519902_Gvi
UN-49146406_Cta	UN-49146406_Cta
UN-49613995_Dha	UN-49613995_Dha
UN-50260537_Cne_tp	UN-50260537_Cne_tp
UN-50543034_Yli_tp	UN-50543034_Yli_tp
UN-50543232_Yli	UN-50543232_Yli
UN-50545171_Yli	UN-50545171_Yli
UN-50553866_Yli	UN-50553866_Yli
UN-50926620_Osa_tp	UN-50926620_Osa_tp
UN-51854381_Osa_tp	UN-51854381_Osa_tp
UN-51892267_Sth	UN-51892267_Sth
UN-51892267_Sth	UN-48859304_Cth
UN-51892267_Sth	UN-9711271_Sma
UN-54261828_Stu	UN-54261828_Stu
UN-115764896_Spu	UN-115764896_Spu
UN-Cmut1	UN-Cmut1
UN-Cmut2	UN-Cmut2
UN-Cmut3	UN-Cmut3
UN-Hop_tp	UN-Hop_tp
UN-IS256_Sau	UN-IS256_Sau
UN-IS654_Bha	UN-IS654_Bha
UN-IS905	UN-IS905
UN-IS1081_Mtu	UN-IS1081_Mtu
UN-IS1081_Mtu	UN-1279534_Mce
UN-IS1081_Mtu	UN-29826887_Sav
UN-IS1081_Mtu	UN-IS1164_Rrh
UN-IS1081_Mtu	UN-IS1512_Mgo
UN-IS1081_Mtu	UN-32455929_Msp
UN-IS1081_Mtu	UN-IS1601_Mav
UN-IS1113_Xor	UN-IS1113_Xor
UN-IS1201_Lcr	UN-IS1201_Lcr
UN-IS1201_Lcr	UN-21530790_Lde
UN-IS1354_Mdi	UN-IS1354_Mdi
UN-IS2606_Mul	UN-IS2606_Mul
UN-IS2606_Mul	UN-IS1554_Mtu
UN-ISC1332_Sso	UN-ISC1332_Sso
UN-ISRm3_Sme	UN-ISRm3_Sme
UN-ISRm3_Sme	UN-27817685_Rox
UN-ISRm5_Sme	UN-ISRm5_Sme
UN-ISSod5_Son	UN-ISSod5_Son
UN-ISSod5_Son	UN-ISsod4_Son
UN-MS103_Msp	UN-MS103_Msp
UN-MS103_Msp	UN-ISRM3_Bth
UN-MUTRIM1	UN-MUTRIM1
UN-Vandal3_tp	UN-Vandal3_tp
UN-Vandal3_tp	MuDR-5_ALy_tp
MuDR-1_HM	MuDR-1_HM
MuDRF-1_DPu	MuDRF-1_DPu
MuDRF-1_MLP	MuDRF-1_MLP
MuDRF-1_NGr	MuDRF-1_NGr
MuDRF-1_NVe	MuDRF-1_NVe
MuDRF-1_PGr	MuDRF-1_PGr
MuDRF-1_PGr	MuDRF-1_PTrit
MuDRF-1_PGr	MuDRF-1B_PSt
MuDRF-1_PGr	MuDRF-2_PGr
MuDRF-2_MLP	MuDRF-2_MLP
MuDRF-3_MLP	MuDRF-3_MLP
Arnold2_pt1	Arnold2_pt1
Arnold2_pt1	MuDR-2_ALy_p3
Arnold2_pt2	Arnold2_pt2
Arnold2_tp	Arnold2_tp
AT10MU1_tp	AT10MU1_tp
ATMU2_tp	ATMU2_tp
ATMU3_tp	ATMU3_tp
ATMU3_tp	ATMU4_tp
ATMU3_tp	MuDR-9B_ALy_tp
ATMU3_tp	ATMU8_tp
ATMU3_tp	ATMU10_tp
ATMU3_tp	ATMU11_tp
ATMU12	ATMU12
ATMU13	ATMU13
CUMULE_p2	CUMULE_p2
CUMULE_tp	CUMULE_tp
MDR1_p2	MDR1_p2
MDR1_tp	MDR1_tp
MDR3_tp	MDR3_tp
MDR3_tp	MDR2_tp
MuDR1_HV_tp	MuDR1_HV_tp
MuDR1_SM	MuDR1_SM
MuDR1_TD	MuDR1_TD
MuDR1_TP	MuDR1_TP
MuDR1_ZM_tp	MuDR1_ZM_tp
MuDR1_ZM_tp	MuDR-3_SBi_tp
MuDR1_ZM_tp	MuDR-6_ZM_tp
MuDR1x_MH	MuDR1x_MH
MuDR1x_SM	MuDR1x_SM
MuDR2_OS_tp	MuDR2_OS_tp
MuDR2_OS_tp	MuDR3_OS_tp
MuDR2_OS_tp	MuDR1_OS_tp
MuDR2_TP	MuDR2_TP
MuDR2x_AP	MuDR2x_AP
MuDR2x_SM	MuDR2x_SM
MuDR2x_SM	MuDR5x_SM
MuDR3_SM	MuDR3_SM
MuDR3x_AP	MuDR3x_AP
MuDR3x_SM	MuDR3x_SM
MuDR4_OS_tp	MuDR4_OS_tp
MuDR4_SM	MuDR4_SM
MuDR4x_AP	MuDR4x_AP
MuDR4x_SM	MuDR4x_SM
Mudr5_OS_tp	Mudr5_OS_tp
MuDR5x_AP	MuDR5x_AP
MuDR6x_AP	MuDR6x_AP
MuDR7x_AP	MuDR7x_AP
MuDR8x_AP	MuDR8x_AP
MuDR9x_AP	MuDR9x_AP
MuDR10x_AP	MuDR10x_AP
MuDR11x_AP	MuDR11x_AP
MuDR11x_AP	MuDR1x_AP
MuDR-1_AIp_tp	MuDR-1_AIp_tp
MuDR-1_ALy_p4	MuDR-1_ALy_p4
MuDR-1_ALy_tp	MuDR-1_ALy_tp
MuDR-1_ALy_tp	MuDR-7_ALy_tp
MuDR-1_ALy_tp	Vandal2_tp
MuDR-1_ATr_tp	MuDR-1_ATr_tp
MuDR-1_BDi_p2	MuDR-1_BDi_p2
MuDR-1_BDi_tp	MuDR-1_BDi_tp
MuDR-1_BDi_tp	MuDR-1_HV_tp
MuDR-1_CGi	MuDR-1_CGi
MuDR-1_DPu	MuDR-1_DPu
MuDR-1_ECa_tp	MuDR-1_ECa_tp
