Harbinger-1_NV_tp	Harbinger-1_NV_tp
Harbinger-1_PI_tp	Harbinger-1_PI_tp
Harbinger-1_PPI_tp	Harbinger-1_PPI_tp
Harbinger-1_PR_2p	Harbinger-1_PR_2p
Harbinger-1_PSo_tp	Harbinger-1_PSo_tp
Harbinger-1_PTrit_tp	Harbinger-1_PTrit_tp
Harbinger-1_SP_tp	Harbinger-1_SP_tp
Harbinger-1_TV_tp	Harbinger-1_TV_tp
Harbinger-1_XT_tp	Harbinger-1_XT_tp
Harbinger-1_XT_tp	Harbinger-5_XT_tp
HARBINGER-2_AFC	HARBINGER-2_AFC
Harbinger-2_CCri_tp	Harbinger-2_CCri_tp
Harbinger-2_MLP_tp	Harbinger-2_MLP_tp
Harbinger-2_MLP_tp	Harbinger-1_MLP_tp
Harbinger-2_PTrit_tp	Harbinger-2_PTrit_tp
Harbinger-2_PTrit_tp	Harbinger-10_PSt_tp
Harbinger-2_TV_tp	Harbinger-2_TV_tp
Harbinger-2_XT_tp	Harbinger-2_XT_tp
Harbinger-2B_DRh_tp	Harbinger-2B_DRh_tp
Harbinger-3_CCri_2p	Harbinger-3_CCri_2p
Harbinger-3_CPB_2p	Harbinger-3_CPB_2p
Harbinger-3_Crp_tp	Harbinger-3_Crp_tp
Harbinger-3_HMa	Harbinger-3_HMa
Harbinger-3_LCh_tp	Harbinger-3_LCh_tp
Harbinger-3_MLP_tp	Harbinger-3_MLP_tp
Harbinger-3_SLL_tp	Harbinger-3_SLL_tp
Harbinger-4_BF_tp	Harbinger-4_BF_tp
Harbinger-4_BF_tp	Harbinger-1_CGi_tp
Harbinger-4_BF_tp	Harbinger-6_CGi_tp
Harbinger-4_BF_tp	Harbinger-1_BF_tp
Harbinger-4_CCri_1p	Harbinger-4_CCri_1p
Harbinger-4_CCri_tp	Harbinger-4_CCri_tp
Harbinger-4_HM_tp	Harbinger-4_HM_tp
Harbinger-4_MLP_tp	Harbinger-4_MLP_tp
Harbinger-4_PGr_tp	Harbinger-4_PGr_tp
Harbinger-4_PGr_tp	Harbinger-3B_PSt_tp
Harbinger-4_PI_2p	Harbinger-4_PI_2p
Harbinger-4_PI_tp	Harbinger-4_PI_tp
Harbinger-4_PI_tp	Harbinger-13_PI_tp
Harbinger-4_TV_tp	Harbinger-4_TV_tp
Harbinger-4_TV_tp	Harbinger-3_TV_tp
Harbinger-5_AMi_tp	Harbinger-5_AMi_tp
Harbinger-5_BF_tp	Harbinger-5_BF_tp
Harbinger-5_BF_tp	Harbinger-3_SPur_tp
Harbinger-5_CCri_2p	Harbinger-5_CCri_2p
Harbinger-5_MLP_tp	Harbinger-5_MLP_tp
Harbinger-6_CCri_1p	Harbinger-6_CCri_1p
Harbinger-6_MLP_tp	Harbinger-6_MLP_tp
Harbinger-6_PGr_tp	Harbinger-6_PGr_tp
Harbinger-6_PI_2p	Harbinger-6_PI_2p
Harbinger-6_PI_tp	Harbinger-6_PI_tp
Harbinger-7_MLP_tp	Harbinger-7_MLP_tp
Harbinger-7_MLP_tp	HARB-1_TA_tp
Harbinger-7_PI_tp	Harbinger-7_PI_tp
Harbinger-8_CCri_tp	Harbinger-8_CCri_tp
Harbinger-9_CCri_3p	Harbinger-9_CCri_3p
Harbinger-9_PGr_tp	Harbinger-9_PGr_tp
Harbinger-9_PI_2p	Harbinger-9_PI_2p
Harbinger-9_PI_2p	Harbinger-12_PI_2p
Harbinger-9_PI_tp	Harbinger-9_PI_tp
Harbinger-9_PI_tp	Harbinger-10_PI_tp
Harbinger-9_PI_tp	Harbinger-12_PI_tp
Harbinger-10_CCri_tp	Harbinger-10_CCri_tp
Harbinger-10_PGr_tp	Harbinger-10_PGr_tp
Harbinger-10_PGr_tp	Harbinger-17_PGr_tp
Harbinger-10_PI_2p	Harbinger-10_PI_2p
Harbinger-11_CCri_3p	Harbinger-11_CCri_3p
Harbinger-11_PI_2p	Harbinger-11_PI_2p
Harbinger-11_PI_2p	Harbinger-8_PI_2p
Harbinger-11_PI_tp	Harbinger-11_PI_tp
Harbinger-11_PI_tp	Harbinger-8_PI_tp
Harbinger-13_PI_2p	Harbinger-13_PI_2p
Harbinger-14_PI_tp	Harbinger-14_PI_tp
Harbinger-14_PI_tp	Harbinger-15_PI_tp
Harbinger-17_CCri_2p	Harbinger-17_CCri_2p
Harbinger-18_CCri_2p	Harbinger-18_CCri_2p
Harbinger-20_CCri_2p	Harbinger-20_CCri_2p
Harbinger-27_CCri_2p	Harbinger-27_CCri_2p
Harbinger-27_CCri_tp	Harbinger-27_CCri_tp
Harbinger-31_CCri_2p	Harbinger-31_CCri_2p
Harbinger-31_CCri_2p	Harbinger-66_CCri_2p
Harbinger-31_CCri_tp	Harbinger-31_CCri_tp
Harbinger-31_CCri_tp	Harbinger-34_CCri_tp
Harbinger-32_CCri_1p	Harbinger-32_CCri_1p
Harbinger-33_CCri_2p	Harbinger-33_CCri_2p
Harbinger1_DR_tp	Harbinger1_DR_tp
Harbinger2_DR_tp	Harbinger2_DR_tp
Harbinger3_DR_tp	Harbinger3_DR_tp
Harbinger-5_DR_tp	Harbinger-5_DR_tp
Harbinger-6_DR_tp	Harbinger-6_DR_tp
Turmoil1_tp	Turmoil1_tp
Turmoil2_tp	Turmoil2_tp
IS4EU-1_DR_ex	IS4EU-1_DR_ex
IS4EU-1_DR_tp	IS4EU-1_DR_tp
IS4EU-2_DR_ex	IS4EU-2_DR_ex
IS4EU-2_DR_tp	IS4EU-2_DR_tp
UN-Candystripe1_SB_tp	UN-Candystripe1_SB_tp
UN-IS4EU-1_NV_ex	UN-IS4EU-1_NV_ex
UN-Spy-3_HSa_tp	UN-Spy-3_HSa_tp
UN-Spy_AEc_tp	UN-Spy_AEc_tp
UN-Spy_MMo_tp	UN-Spy_MMo_tp
UN-Spy_MOc_tp	UN-Spy_MOc_tp
UN-Spy_MRo_tp	UN-Spy_MRo_tp
UN-SpyPXy_tp	UN-SpyPXy_tp
UN-SpySLn_tp	UN-SpySLn_tp
UN-Spy_TUr	UN-Spy_TUr
ATIS112A_tp	ATIS112A_tp
ATIS112A_tp	HARB-2_ALy_tp
ATIS112A_tp	HARB-4_ALy_tp
ATIS112A_tp	HARB-8_ALy_tp
ATIS112A_tp	Harbinger-4_PSt_tp
ATIS112A_tp	Harbinger-7_PGr_tp
AutoChomp1_tp	AutoChomp1_tp
AutoChomp1_tp	Harbinger-2_AMi_tp
AutoChomp1_tp	Harbinger-2_CPB_tp
AutoChomp1_tp	Harbinger-1_CPB_tp
AutoChomp1_tp	Harbinger-2B_CPB_tp
AutoChomp1_tp	Harbinger-2C_CPB_tp
AutoChomp1_tp	Harbinger-2F_CPB_tp
AutoChomp1_tp	Harbinger-4_CPB_tp
AutoChomp1_tp	Harbinger-5_CPB_tp
AutoChomp1_tp	Harbinger-8_CPB_tp
HARB4_ZM_tp	HARB4_ZM_tp
HARB7_ZM_tp	HARB7_ZM_tp
HARB7_ZM_tp	HARB3_ZM_tp
HARB7_ZM_tp	HARB-5_SBi_tp
HARB7_ZM_tp	HARB5_ZM_tp
HARB7_ZM_tp	HARB8_ZM_tp
HARB7_ZM_tp	HARB-1_GM_tp
HARB7_ZM_tp	HARB-3_OS_tp
HARB7_ZM_tp	HARB-9_ALy_tp
HARB7_ZM_tp	HARB-10_ALy_tp
HARB7_ZM_tp	Harbinger1_PTr_tp
HARB-1_ALy	HARB-1_ALy
HARB-1_GM	HARB-1_GM
HARB-1_OS_tp	HARB-1_OS_tp
HARB-1_OS_tp	HARB6_ZM_tp
HARB-1_OS_tp	HARB-5_ALy_tp
HARB-1_OS_tp	Harbinger-1_AAe_tp
HARB-2_ALy_1p	HARB-2_ALy_1p
HARB-2_FV_tp	HARB-2_FV_tp
HARB-2_FV_tp	HARB-1_Mad_tp
HARB-2_FV_tp	HARB-10_FV_tp
HARB-2_FV_tp	Harbinger-7_CCri_tp
HARB-2_Mad_tp	HARB-2_Mad_tp
HARB-2_Mad_tp	HARB-2B_Mad_tp
HARB-2_Mad_tp	HARB-1_FV_tp
HARB-2_Mad_tp	HARB-3_Mad_tp
HARB-2_Mad_tp	HARB-3B_FV_tp
HARB-2_Mad_tp	HARB-8_FV_tp
HARB-2_Mad_tp	Harbinger-1_PPe_tp
HARB-2_STu_tp	HARB-2_STu_tp
HARB-3_ALy	HARB-3_ALy
HARB-3_STu_tp	HARB-3_STu_tp
HARB-4_ALy_1p	HARB-4_ALy_1p
HARB-4A_SBi_tp	HARB-4A_SBi_tp
HARB-5_FV_tp	HARB-5_FV_tp
HARB-5_FV_tp	HARB-4_FV_tp
HARB-5_FV_tp	HARB-6_FV_tp
HARB-7_ALy_1p	HARB-7_ALy_1p
HARB-8_ALy_1p	HARB-8_ALy_1p
HARB-8_ALy_1p	HARB-6_ALy_1p
HARB-9_FV_2p	HARB-9_FV_2p
HARB-9_FV_tp	HARB-9_FV_tp
HARB-9_FV_tp	HARB-2_OS_tp
HARB-9_FV_tp	HARB-N1_OS_tp
HARB-9_FV_tp	MTIS112A_tp
HARB-11_FV_tp	HARB-11_FV_tp
HARB-14_SBi_tp	HARB-14_SBi_tp
HARB-14_SBi_tp	HARB-13_SBi_tp
Harb_Cis1_tp	Harb_Cis1_tp
Harbinger1_AG_tp	Harbinger1_AG_tp
Harbinger1_CN_tp	Harbinger1_CN_tp
Harbinger1_tp	Harbinger1_tp
Harbinger2-1_AAp_tp	Harbinger2-1_AAp_tp
Harbinger2-2_HM_tp	Harbinger2-2_HM_tp
Harbinger2-2_TMe_tp	Harbinger2-2_TMe_tp
Harbinger2-3_TMe_tp	Harbinger2-3_TMe_tp
Harbinger2_tp	Harbinger2_tp
Harbinger3_tp	Harbinger3_tp
Harbinger4_tp	Harbinger4_tp
Harbinger-1_ADi_tp	Harbinger-1_ADi_tp
Harbinger-1_ADi_tp	Harbinger2-1_HM_tp
Harbinger-1_ADi_tp	Harbinger2-2_NV_tp
Harbinger-1_AMi_tp	Harbinger-1_AMi_tp
Harbinger-1_ATr_tp	Harbinger-1_ATr_tp
Harbinger-1_CCri_tp	Harbinger-1_CCri_tp
Harbinger-1_Crp_tp	Harbinger-1_Crp_tp
Harbinger-1_Crp_tp	Harbinger-3_AMi_tp
Harbinger-1_DF_tp	Harbinger-1_DF_tp
Harbinger-1_DK_tp	Harbinger-1_DK_tp
Harbinger-1_DK_tp	Harbinger-1_DRh_tp
Harbinger-1_DW_tp	Harbinger-1_DW_tp
Harbinger-1_Gav_tp	Harbinger-1_Gav_tp
Harbinger-1_MN	Harbinger-1_MN
ISL2EU-1_CGi_ex	ISL2EU-1_CGi_ex
ISL2EU-1_CGi_tp	ISL2EU-1_CGi_tp
ISL2EU-1_CS_ex	ISL2EU-1_CS_ex
ISL2EU-1_CS_tp	ISL2EU-1_CS_tp
ISL2EU-1_HM_ex	ISL2EU-1_HM_ex
ISL2EU-1_HM_tp	ISL2EU-1_HM_tp
ISL2EU-2_ADi_tp	ISL2EU-2_ADi_tp
ISL2EU-2_HM_ex	ISL2EU-2_HM_ex
ISL2EU-2_HM_tp	ISL2EU-2_HM_tp
ISL2EU-2_NV_ex	ISL2EU-2_NV_ex
ISL2EU-2_NV_tp	ISL2EU-2_NV_tp
ISL2EU-2_SSa_ex	ISL2EU-2_SSa_ex
ISL2EU-3_HM_ex	ISL2EU-3_HM_ex
ISL2EU-3_HM_tp	ISL2EU-3_HM_tp
ISL2EU-4_HM_ex	ISL2EU-4_HM_ex
ISL2EU-4_HM_tp	ISL2EU-4_HM_tp
ISL2EU-5_HM_ex	ISL2EU-5_HM_ex
ISL2EU-5_HM_tp	ISL2EU-5_HM_tp
ISL2EU-6_HM_ex	ISL2EU-6_HM_ex
ISL2EU-7_HMa_ex	ISL2EU-7_HMa_ex
ISL2EU-7_HMa_tp	ISL2EU-7_HMa_tp
ISL2EU-12_CGi_ex	ISL2EU-12_CGi_ex
ISL2EU-14_CGi_tp	ISL2EU-14_CGi_tp
ISL2EU-16_CGi_tp	ISL2EU-16_CGi_tp
ISL2EU-18_CGi_ex	ISL2EU-18_CGi_ex
ISL2EU-2_CCri_tp	ISL2EU-2_CCri_tp
ISL2EU-2_CCri_tp	ISL2EU-3_CCri_tp
ISL2EU-2_CCri_tp	ISL2EU-9_CCri_tp
ISL2EU-8_CCri_tp	ISL2EU-8_CCri_tp
ISL2EU-13_CCri_tp	ISL2EU-13_CCri_tp
ISL2EU-1_HSal_tp	ISL2EU-1_HSal_tp
ISL2EU-1_LHu_tp	ISL2EU-1_LHu_tp
ISL2EU-1_LHu_tp	ISL2EU-1_CFl_tp
ISL2EU-1_LHu_tp	ISL2EU-6_CFl_tp
ISL2EU-1_LHu_tp	ISL2EU-3_CFl_tp
ISL2EU-2_CGi_tp	ISL2EU-2_CGi_tp
ISL2EU-4_CFl_tp	ISL2EU-4_CFl_tp
ISL2EU-4_CGi_tp	ISL2EU-4_CGi_tp
ISL2EU-5_CGi_tp	ISL2EU-5_CGi_tp
Harbinger-35_CCri_1p	Harbinger-35_CCri_1p
Harbinger-36_CCri_2p	Harbinger-36_CCri_2p
Harbinger-36_CCri_tp	Harbinger-36_CCri_tp
Harbinger-36_CCri_tp	Harbinger-18_CCri_tp
Harbinger-36_CCri_tp	Harbinger-54_CCri_tp
Harbinger-41_CCri_tp	Harbinger-41_CCri_tp
Harbinger-43_CCri_2p	Harbinger-43_CCri_2p
Harbinger-43_CCri_tp	Harbinger-43_CCri_tp
Harbinger-44_CCri_2p	Harbinger-44_CCri_2p
Harbinger-44_CCri_tp	Harbinger-44_CCri_tp
Harbinger-45_CCri_2p	Harbinger-45_CCri_2p
Harbinger-46_CCri_tp	Harbinger-46_CCri_tp
Harbinger-46_CCri_tp	Harbinger-59_CCri_tp
Harbinger-47_CCri_3p	Harbinger-47_CCri_3p
Harbinger-47_CCri_3p	Harbinger-46_CCri_2p
Harbinger-48_CCri_2p	Harbinger-48_CCri_2p
Harbinger-48_CCri_tp	Harbinger-48_CCri_tp
Harbinger-49_CCri_2p	Harbinger-49_CCri_2p
Harbinger-49_CCri_tp	Harbinger-49_CCri_tp
Harbinger-50_CCri_2p	Harbinger-50_CCri_2p
Harbinger-51_CCri_2p	Harbinger-51_CCri_2p
Harbinger-52_CCri_tp	Harbinger-52_CCri_tp
Harbinger-53_CCri_tp	Harbinger-53_CCri_tp
Harbinger-53_CCri_tp	Harbinger-28_CCri_tp
Harbinger-53_CCri_tp	Harbinger-45_CCri_tp
Harbinger-53_CCri_tp	Harbinger-17_CCri_tp
Harbinger-53_CCri_tp	Harbinger-20_CCri_tp
Harbinger-53_CCri_tp	Harbinger-33_CCri_tp
Harbinger-53_CCri_tp	Harbinger-38_CCri_tp
Harbinger-53_CCri_tp	Harbinger-57B_CCri_tp
Harbinger-53_CCri_tp	Harbinger-66_CCri_tp
Harbinger-53_CCri_tp	Harbinger-42_CCri_tp
Harbinger-53_CCri_tp	Harbinger-12_CCri_tp
Harbinger-54_CCri_2p	Harbinger-54_CCri_2p
Harbinger-55_CCri_tp	Harbinger-55_CCri_tp
Harbinger-56_CCri_tp	Harbinger-56_CCri_tp
Harbinger-57B_CCri_2p	Harbinger-57B_CCri_2p
Harbinger-58B_CCri_1p	Harbinger-58B_CCri_1p
Harbinger-60_CCri_1p	Harbinger-60_CCri_1p
Harbinger-60_CCri_tp	Harbinger-60_CCri_tp
Harbinger-60_CCri_tp	Harbinger-6_CCri_tp
Harbinger-60_CCri_tp	Harbinger-35_CCri_tp
Harbinger-61_CCri_2p	Harbinger-61_CCri_2p
Harbinger-61_CCri_tp	Harbinger-61_CCri_tp
Harbinger-62_CCri_2p	Harbinger-62_CCri_2p
Harbinger-64_CCri_2p	Harbinger-64_CCri_2p
Harbinger-64_CCri_tp	Harbinger-64_CCri_tp
Harbinger-64_CCri_tp	Harbinger-51_CCri_tp
Harbinger-65_CCri_tp	Harbinger-65_CCri_tp
Harbinger-65_CCri_tp	Harbinger-16_CCri_tp
Harbinger-68_CCri_2p	Harbinger-68_CCri_2p
Harbinger-68_CCri_2p	Harbinger-59_CCri_2p
Harbinger-69_CCri_2p	Harbinger-69_CCri_2p
Harbinger-71_CCri_tp	Harbinger-71_CCri_tp
Harbinger-73_CCri_tp	Harbinger-73_CCri_tp
Harbinger-75_CCri_2p	Harbinger-75_CCri_2p
Harbinger-75_CCri_tp	Harbinger-75_CCri_tp
Harbinger-77_CCri_2p	Harbinger-77_CCri_2p
Harbinger_tp	Harbinger_tp
MtPH-A5-Ia_tp	MtPH-A5-Ia_tp
MtPH-A6-2-Ia_tp	MtPH-A6-2-Ia_tp
MtPH-A6-4-Ia_tp	MtPH-A6-4-Ia_tp
MtPH-M-3-Ia_tp	MtPH-M-3-Ia_tp
Senkusha1_tp	Senkusha1_tp
VHARB4_VV_tp	VHARB4_VV_tp
Harbinger-20_PGr_2p	Harbinger-20_PGr_2p
Harbinger-23_CCri_2p	Harbinger-23_CCri_2p
Harbinger-24_CCri_2p	Harbinger-24_CCri_2p
Harbinger-24_CCri_tp	Harbinger-24_CCri_tp
Harbinger-24_CCri_tp	Harbinger-22_CCri_tp
Harbinger-24_CCri_tp	Harbinger-21_CCri_tp
Harbinger-24_CCri_tp	Harbinger-23_CCri_tp
Harbinger-24_CCri_tp	Harbinger-25_CCri_tp
Harbinger-25_CCri_2p	Harbinger-25_CCri_2p
Harbinger-26_CCri_2p	Harbinger-26_CCri_2p
Harbinger-63_CCri_tp	Harbinger-63_CCri_tp
HarbingerS-1_PI_3p	HarbingerS-1_PI_3p
HarbingerS-1_PI_3p	HarbingerS-2_PI_3p
HarbingerS-1_PSo_3p	HarbingerS-1_PSo_3p
HarbingerS-1_PSo_3p	HarbingerS-5_PI_3p
HarbingerS-1_PSo_3p	HarbingerS-8_PI_3p
HarbingerS-2_PSo_2p	HarbingerS-2_PSo_2p
HarbingerS-2_PSo_3p	HarbingerS-2_PSo_3p
HarbingerS-3_PI_3p	HarbingerS-3_PI_3p
HarbingerS-3_PI_tp	HarbingerS-3_PI_tp
HarbingerS-3_PI_tp	HarbingerS-1_PSo_tp
HarbingerS-3_PI_tp	HarbingerS-2_PI_tp
HarbingerS-3_PI_tp	HarbingerS-2_PSo_tp
HarbingerS-3_PI_tp	HarbingerS-4_PI_tp
HarbingerS-3_PI_tp	HarbingerS-5_PI_tp
HarbingerS-3_PI_tp	HarbingerS-9_PI_tp
HarbingerS-3_PSo_3p	HarbingerS-3_PSo_3p
HarbingerS-3_PSo_tp	HarbingerS-3_PSo_tp
HarbingerS-3_PSo_tp	HarbingerS-6_PI_tp
HarbingerS-4_PI_2p	HarbingerS-4_PI_2p
HarbingerS-6_PI_2p	HarbingerS-6_PI_2p
HarbingerS-7_PI_3p	HarbingerS-7_PI_3p
HarbingerS-7_PI_3p	HarbingerS-6_PI_3p
IS4EU-1_AA_ex	IS4EU-1_AA_ex
IS4EU-1_AA_tp	IS4EU-1_AA_tp
IS4EU-1_BF_ex	IS4EU-1_BF_ex
IS4EU-1_BF_tp	IS4EU-1_BF_tp
IS4EU-1_NV_tp	IS4EU-1_NV_tp
ISL2EU-1_ADi_ex	ISL2EU-1_ADi_ex
ISL2EU-1_ADi_tp	ISL2EU-1_ADi_tp
