HSMAR2_tp	HSMAR2_tp
Mariner2_CE_tp	Mariner2_CE_tp
Mariner2_CE_tp	AVMAR1_tp
Mariner2_CE_tp	AVMAR1A_tp
Mariner2_CE_tp	UN-Mariner3_CE_tp
Mariner2_CE_tp	Mariner-73_HSal_tp
Mariner4_CE_tp	Mariner4_CE_tp
Mariner5_CE_tp	Mariner5_CE_tp
BARI1_tp	BARI1_tp
BARI_DM_tp	BARI_DM_tp
BARI_DM_tp	Mariner-7_DBi_tp
Mariner-6_DR_tp	Mariner-6_DR_tp
Mariner-6_DR_tp	Mariner-17_EL_tp
Mariner-6_DR_tp	Tc1-2_GA_tp
Mariner-6_DR_tp	Mariner-6_SSa_tp
Mariner-6_DR_tp	Tc1-1_Lch_tp
Mariner-7_DR_tp	Mariner-7_DR_tp
Tc1-2_DM_tp	Tc1-2_DM_tp
Tc1-4_DR_tp	Tc1-4_DR_tp
Tc1-4_DR_tp	Tc1-5_Xt_tp
Tc1-8_DR_tp	Tc1-8_DR_tp
Tc1_DM_tp	Tc1_DM_tp
Tc1_DM_tp	Mariner-1_DAn_tp
Tc1_DM_tp	Mariner-8_DAn_tp
Tigger2_tp	Tigger2_tp
Tigger2_tp	Mariner-8_Crp_tp
Tigger4_tp	Tigger4_tp
Tigger5_tp	Tigger5_tp
Tigger5_tp	Tigger3_tp
Tigger5_tp	Mariner-4_AMi_tp
Tigger5_tp	SMAR2_tp
Tigger6_tp	Tigger6_tp
Tigger7_tp	Tigger7_tp
Tigger17_tp	Tigger17_tp
UN-23128385_NP_tp	UN-23128385_NP_tp
UN-25026896_CE_tp	UN-25026896_CE_tp
UN-42761524_DD_tp	UN-42761524_DD_tp
UN-46134321_AV_tp	UN-46134321_AV_tp
UN-52548815_Archaeon_tp	UN-52548815_Archaeon_tp
UN-ISC1048_SS_tp	UN-ISC1048_SS_tp
UN-ISC1395_SS_tp	UN-ISC1395_SS_tp
UN-TBE2_OF_tp	UN-TBE2_OF_tp
UN-Tec2_MC_tp	UN-Tec2_MC_tp
UN-Tec2_MC_tp	UN-Tec1_MC_tp
UN-39969559_MG_tp	UN-39969559_MG_tp
UN-46130700_GZ_tp	UN-46130700_GZ_tp
UN-46130760_GZ_tp	UN-46130760_GZ_tp
UN-Aot1_AO_tp	UN-Aot1_AO_tp
UN-Aot1_AO_tp	UN-Ant1_ApNi_tp
UN-Aot1_AO_tp	MarinerL-1_AO_tp
UN-2133335_CC_tp	UN-2133335_CC_tp
UN-46110631_GZ_tp	UN-46110631_GZ_tp
UN-Fot1_FO_tp	UN-Fot1_FO_tp
UN-Mariner-6_AN_tp	UN-Mariner-6_AN_tp
UN-NHT1_tp	UN-NHT1_tp
UN-PUNTRIP_NC_tp	UN-PUNTRIP_NC_tp
UN-14041729_XN_tp	UN-14041729_XN_tp
UN-14041729_XN_tp	UN-37524477_PL_tp
UN-24373700_SO_tp	UN-24373700_SO_tp
UN-24373700_SO_tp	UN-51492546_AE_tp
UN-26247122_Eco_tp	UN-26247122_Eco_tp
UN-26247122_Eco_tp	UN-37528628_PL_tp
UN-26247122_Eco_tp	UN-54303161_PP_tp
UN-37927529_Eco_tp	UN-37927529_Eco_tp
UN-52548315_Archaeon_tp	UN-52548315_Archaeon_tp
UN-52548971_Archaeon_tp	UN-52548971_Archaeon_tp
UN-IS630_ST_tp	UN-IS630_ST_tp
UN-IS630_ST_tp	UN-49658890_YP_tp
UN-5002202_DR_tp	UN-5002202_DR_tp
UN-15795189_DR_tp	UN-15795189_DR_tp
UN-28173597_XO_tp	UN-28173597_XO_tp
UN-45368562_AD_tp	UN-45368562_AD_tp
UN-46323846_BC_tp	UN-46323846_BC_tp
UN-54031971_Polamoronas_tp	UN-54031971_Polamoronas_tp
UN-IS885_RE_tp	UN-IS885_RE_tp
UN-IS885_RE_tp	UN-53610985_AV_tp
UN-ISC1078_SS_tp	UN-ISC1078_SS_tp
UN-ISXo7_tp	UN-ISXo7_tp
UN-1256600_Synechocystis_tp	UN-1256600_Synechocystis_tp
UN-2072514_Nostoc_tp	UN-2072514_Nostoc_tp
UN-4902869_SM_tp	UN-4902869_SM_tp
UN-31202999_AG_tp	UN-31202999_AG_tp
UN-32479260_Ensifer_tp	UN-32479260_Ensifer_tp
UN-32479260_Ensifer_tp	UN-3378363_Novosphingobium_tp
UN-32479260_Ensifer_tp	UN-ISRm10_tp
UN-49074584_UM_tp	UN-49074584_UM_tp
UN-49077172_UM_tp	UN-49077172_UM_tp
UN-ISRm11_SM_tp	UN-ISRm11_SM_tp
UN-39579820_CB_tp	UN-39579820_CB_tp
UN-52548731_arch_tp	UN-52548731_arch_tp
UN-Bmmar1_tp	UN-Bmmar1_tp
UN-Bmmar1_tp	UN-Kusmar1_tp
UN-Famar1_tp	UN-Famar1_tp
UN-Famar1_tp	Mariner-2_HSal_tp
UN-Famar1_tp	Mariner-11_HSal_tp
UN-Mariner2_GT_tp	UN-Mariner2_GT_tp
UN-Mariner2_GT_tp	HSMAR1_tp
UN-Mariner2_GT_tp	Mariner-10_HSal_tp
UN-Mariner2_GT_tp	Mariner-13_AEc_tp
UN-Mariner2_GT_tp	Mariner-13_HSal_tp
UN-Mariner2_GT_tp	Mariner-16_LHu_tp
UN-Mariner2_GT_tp	Mariner_HC_tp
UN-Mcmar1_tp	UN-Mcmar1_tp
UN-Pogo_tp	UN-Pogo_tp
SMAR25_tp	SMAR25_tp
SMAR25_tp	Mariner-31_SM_tp
SMAR28_tp	SMAR28_tp
Tiggu2_tp	Tiggu2_tp
Sagan-5_MLP_tp	Sagan-5_MLP_tp
Sagan-5_MLP_tp	Sagan-1_MLP_tp
Sagan-8_TMe_tp	Sagan-8_TMe_tp
Sagan-8_TMe_tp	Sagan-10_TMe_tp
Sagan-9_TMe_tp	Sagan-9_TMe_tp
Sagan-9_TMe_tp	Sagan-5_TMe_tp
Sagan-11_TMe_tp	Sagan-11_TMe_tp
Mariner1_BV_tp	Mariner1_BV_tp
Mariner-1_JC_tp	Mariner-1_JC_tp
Mariner-1_SM_tp	Mariner-1_SM_tp
Mariner-2_SBi_tp	Mariner-2_SBi_tp
Mariner-3_SBi_tp	Mariner-3_SBi_tp
Mariner-3_SBi_tp	Mariner-1_SBi_tp
Mariner-3_SM_tp	Mariner-3_SM_tp
Mariner-9_PI_tp	Mariner-9_PI_tp
Mariner-10_SM_tp	Mariner-10_SM_tp
Mariner-17_PI_tp	Mariner-17_PI_tp
Mariner-22_SM_tp	Mariner-22_SM_tp
Mariner_MT_tp	Mariner_MT_tp
Stow1_OS_tp	Stow1_OS_tp
AeTango2_tp	AeTango2_tp
AeTango2_tp	Mariner-15_CFl_tp
BMMAR3_tp	BMMAR3_tp
DNA-7_LMi_tp	DNA-7_LMi_tp
Hydargos1_EM_tp	Hydargos1_EM_tp
ITmD37D_Ele1_tp	ITmD37D_Ele1_tp
ITmD37D_Ele3_tp	ITmD37D_Ele3_tp
ITmD37D_Ele6_tp	ITmD37D_Ele6_tp
ITmD37D_Ele7_tp	ITmD37D_Ele7_tp
ITmD37E_Ele6_tp	ITmD37E_Ele6_tp
ITmD37E_Ele6_tp	ITmD37E_Ele3_tp
ITmD37E_Ele6_tp	ITmD37E_Ele5_tp
ITmD37E_Ele6_tp	ITmD37E_Ele11_tp
ITmD37E_Ele9_tp	ITmD37E_Ele9_tp
ITmD37E_Ele9_tp	ITmD37E_Ele13_tp
Joey1_tp	Joey1_tp
Mariner1_PPa_tp	Mariner1_PPa_tp
Mariner2_AG_tp	Mariner2_AG_tp
Mariner2_PPa_tp	Mariner2_PPa_tp
Mariner5_AO_tp	Mariner5_AO_tp
Mariner13_CB_tp	Mariner13_CB_tp
Mariner14_CB_tp	Mariner14_CB_tp
Mariner14_CB_tp	Mariner15_CB_tp
Mariner19_CB_tp	Mariner19_CB_tp
Mariner34_CB_tp	Mariner34_CB_tp
Mariner36_CB_tp	Mariner36_CB_tp
Mariner39_CB_tp	Mariner39_CB_tp
Mariner43_CB_tp	Mariner43_CB_tp
Mariner55_CB_tp	Mariner55_CB_tp
Mariner55_CB_tp	UN-Tc1_tp
Mariner55_CB_tp	Mariner-34_AEc_tp
Mariner55_CB_tp	TCB1_tp
Mariner55_CB_tp	TCB2_tp
Mariner-1_AN_tp	Mariner-1_AN_tp
Mariner-1_BF_tp	Mariner-1_BF_tp
Mariner-1_DBp_tp	Mariner-1_DBp_tp
Mariner-1_DBp_tp	Mariner-5_DY_tp
Mariner-1_DEu_tp	Mariner-1_DEu_tp
Mariner-1_DEu_tp	Mariner-2_DRh_tp
Mariner-1_DEu_tp	Mariner-2_DT_tp
Mariner-1_DVi_tp	Mariner-1_DVi_tp
Mariner-1_DVi_tp	S2_DM_tp
Mariner-1_DVi_tp	S_DM_tp
Mariner-1_DVi_tp	Mariner-2_DVi_tp
Mariner-1_DVi_tp	Mariner-6_DRh_tp
Mariner-1_DVi_tp	Mariner-4_DF_tp
Mariner-1_DVi_tp	Paris_tp
Mariner-1_DVi_tp	PARISa_DAn_tp
Mariner-1_DVi_tp	PARISa_DEl_tp
Mariner-1_DVi_tp	PARISa_DMo_tp
Mariner-1_DVi_tp	PARISa_DPs_tp
Mariner-1_DVi_tp	PARISa_DK_tp
Mariner-1_DVi_tp	PARISa_DRh_tp
Mariner-1_DW_tp	Mariner-1_DW_tp
Mariner-1_DW_tp	Mariner-1_DT_tp
Mariner-1_DW_tp	Mariner-2_DYa_tp
Mariner-1_DW_tp	Mariner-7_DAn_tp
Mariner-1_DW_tp	Mariner-11_DAn_tp
Mariner-1_DW_tp	MARWOLEN1_tp
Mariner-1_LMi_tp	Mariner-1_LMi_tp
Mariner-1_LSax_tp	Mariner-1_LSax_tp
Mariner-1_PGr_tp	Mariner-1_PGr_tp
Mariner-1_PI_tp	Mariner-1_PI_tp
Mariner-1_PI_tp	Mariner-1_PPI_tp
Mariner-1_PI_tp	Mariner-3_PPI_tp
Mariner-1_PPc_tp	Mariner-1_PPc_tp
Mariner-1_PSo_tp	Mariner-1_PSo_tp
Mariner-1_SIn_tp	Mariner-1_SIn_tp
Mariner-1_SIn_tp	Mariner-12_HSal_tp
Mariner-1_SIn_tp	Mariner-31_SIn_tp
Mariner-1_SIn_tp	Mariner-33_SIn_tp
Mariner-1_SIn_tp	Mariner-61_HSal_tp
Mariner-1_SLL_tp	Mariner-1_SLL_tp
Mariner-1_TCa_tp	Mariner-1_TCa_tp
Mariner-1_TMe_tp	Mariner-1_TMe_tp
Mariner-2_CTe_tp	Mariner-2_CTe_tp
Mariner-2_DBi_tp	Mariner-2_DBi_tp
Mariner-2_DK_tp	Mariner-2_DK_tp
Mariner-2_GLuc_tp	Mariner-2_GLuc_tp
Mariner-2_LSal_tp	Mariner-2_LSal_tp
Mariner-2_MLP_tp	Mariner-2_MLP_tp
Mariner-2_MLP_tp	Mariner-1_MLP_tp
Mariner-2_PI_tp	Mariner-2_PI_tp
Mariner-2_PR_tp	Mariner-2_PR_tp
Mariner-2_ROr_tp	Mariner-2_ROr_tp
Mariner-2_SK_tp	Mariner-2_SK_tp
Mariner-2_SSa_tp	Mariner-2_SSa_tp
Mariner-2_SSa_tp	UN-Mariner-14_DR_tp
Mariner-2_SSa_tp	Tc1_FR5_tp
Mariner-3_AAe_tp	Mariner-3_AAe_tp
Mariner-3_DBi_tp	Mariner-3_DBi_tp
Mariner-3_DBp_tp	Mariner-3_DBp_tp
Mariner-3_LG_tp	Mariner-3_LG_tp
Mariner-3_LHu_tp	Mariner-3_LHu_tp
Mariner-3_LHu_tp	Mariner-19_HSal_tp
Mariner-3_LHu_tp	Mariner-21_SIn_tp
Mariner-3_LHu_tp	Mariner-28_AEc_tp
Mariner-3_LHu_tp	Mariner-52_HSal_tp
Mariner-3_LHu_tp	Mariner-59_HSal_tp
Mariner-3_LHu_tp	Mariner-60_HSal_tp
Mariner-3_LHu_tp	Mariner-69_HSal_tp
Mariner-3_LHu_tp	Mariner-83_HSal_tp
Mariner-3_LHu_tp	Mariner-101_HSal_tp
Mariner-3_LHu_tp	Mariner-8_CFl_tp
Mariner-3_LHu_tp	Mariner-18_HSal_tp
Mariner-3_LHu_tp	Mariner-68_HSal_tp
Mariner-3_LHu_tp	Mariner-62_HSal_tp
Mariner-3_LSal_tp	Mariner-3_LSal_tp
Mariner-3_LSal_tp	Mariner-28_LSal_tp
Mariner-3_LSal_tp	Mariner-34_LSal_tp
Mariner-3_MLP_tp	Mariner-3_MLP_tp
Mariner-3_PPa_tp	Mariner-3_PPa_tp
Mariner-3_ROr_tp	Mariner-3_ROr_tp
Mariner-3_ROr_tp	Mariner-8_ROr_tp
Mariner-3_RPr_tp	Mariner-3_RPr_tp
Mariner-3_SIn_tp	Mariner-3_SIn_tp
Mariner-3_SK_tp	Mariner-3_SK_tp
Mariner-3_TMe_tp	Mariner-3_TMe_tp
Mariner-4_AN_tp	Mariner-4_AN_tp
Mariner-4_AN_tp	Mariner-2_AN_tp
Mariner-4_DRh_tp	Mariner-4_DRh_tp
Mariner-4_DY_tp	Mariner-4_DY_tp
Mariner-4_DY_tp	Mariner-18_LSal_tp
Mariner-4_LHu_tp	Mariner-4_LHu_tp
Mariner-4_LMi_tp	Mariner-4_LMi_tp
Mariner-4_ROr_tp	Mariner-4_ROr_tp
Mariner-4_TMe_tp	Mariner-4_TMe_tp
Mariner-5_AN_tp	Mariner-5_AN_tp
Mariner-5_BM_tp	Mariner-5_BM_tp
Mariner-5_CFl_tp	Mariner-5_CFl_tp
Mariner-5_DF_tp	Mariner-5_DF_tp
Mariner-5_DK_tp	Mariner-5_DK_tp
Mariner-5_LG_tp	Mariner-5_LG_tp
Mariner-5_LSal_tp	Mariner-5_LSal_tp
Mariner-5_MLP_tp	Mariner-5_MLP_tp
Mariner-6_DBi_tp	Mariner-6_DBi_tp
Mariner-6_DBi_tp	Mariner-5_DRh_tp
Mariner-6_DBi_tp	Mariner-9_DEl_tp
Mariner-6_DBi_tp	Mariner-17_DAn_tp
Mariner-6_DY_tp	Mariner-6_DY_tp
Mariner-6_HMM_tp	Mariner-6_HMM_tp
Mariner-6_PI_tp	Mariner-6_PI_tp
Mariner-7_BM_tp	Mariner-7_BM_tp
Mariner-7_CFl_tp	Mariner-7_CFl_tp
Mariner-7_CGi_tp	Mariner-7_CGi_tp
Mariner-7_DF_tp	Mariner-7_DF_tp
Mariner-7_LMi_tp	Mariner-7_LMi_tp
Mariner-7_SK_tp	Mariner-7_SK_tp
Mariner-8_BM_tp	Mariner-8_BM_tp
Mariner-8_CGi_tp	Mariner-8_CGi_tp
Mariner-8_DF_tp	Mariner-8_DF_tp
Mariner-8_DF_tp	Mariner-12_DF_tp
Mariner-8_HSal_tp	Mariner-8_HSal_tp
Mariner-8_LSal_tp	Mariner-8_LSal_tp
Mariner-8_NV_tp	Mariner-8_NV_tp
Mariner-9_BM_tp	Mariner-9_BM_tp
Mariner-9_BM_tp	Mariner-1_Hmel_tp
Mariner-9_DBp_tp	Mariner-9_DBp_tp
Mariner-9_HSal_tp	Mariner-9_HSal_tp
Mariner-10_BM_tp	Mariner-10_BM_tp
Mariner-10_CCri_tp	Mariner-10_CCri_tp
Mariner-10_CCri_tp	Mariner-58_CCri_tp
Mariner-10_DEl_tp	Mariner-10_DEl_tp
Mariner-10_DEl_tp	Mariner-2_DAn_tp
Mariner-10_DEl_tp	Mariner-10_DBp_tp
Mariner-10_DEl_tp	Mariner-22_DF_tp
Mariner-10_DEl_tp	Uhu_DAn_tp
Mariner-10_LMi_tp	Mariner-10_LMi_tp
Mariner-10_LMi_tp	Mariner-9_LMi_tp
Mariner-10_LMi_tp	Mariner-10_PBa_tp
Mariner-10_PGr_tp	Mariner-10_PGr_tp
Mariner-10_PGr_tp	Mariner-3_PGr_tp
Mariner-10_RPr_tp	Mariner-10_RPr_tp
Mariner-10_SIn_tp	Mariner-10_SIn_tp
Mariner-11_AEc_tp	Mariner-11_AEc_tp
Mariner-11_DBp_tp	Mariner-11_DBp_tp
Mariner-11_DBp_tp	Mariner-4_DBp_tp
Mariner-11_DBp_tp	Mariner-9_DAn_tp
Mariner-11_DBp_tp	Mariner-12_DAn_tp
Mariner-11_DBp_tp	Mariner-16_DK_tp
Mariner-11_DF_tp	Mariner-11_DF_tp
Mariner-11_DF_tp	Mariner-4_DAn_tp
Mariner-11_DF_tp	FB4_DM_tp
Mariner-11_EL_tp	Mariner-11_EL_tp
Mariner-11_EL_tp	Mariner-26_SSa_tp
Mariner-11_SSa_tp	Mariner-11_SSa_tp
Mariner-11_SSa_tp	Mariner-1_SSa_tp
Mariner-11_SSa_tp	Tc1-9_Xt_tp
Mariner-12_AEc_tp	Mariner-12_AEc_tp
Mariner-12_AEc_tp	CRMAR_tp
Mariner-12_AEc_tp	Mariner-1_AMel_tp
Mariner-12_AEc_tp	Mariner-3_ACe_tp
Mariner-12_AEc_tp	Mariner-4_ACe_tp
Mariner-12_AEc_tp	Mariner-5_DEl_tp
Mariner-12_AEc_tp	Mariner-6_HSal_tp
Mariner-12_AEc_tp	Mariner-84_HSal_tp
Mariner-12_BM_tp	Mariner-12_BM_tp
Mariner-12_BM_tp	Mariner-15_SIn_tp
Mariner-12_BM_tp	Mariner-79_HSal_tp
Mariner-12_BM_tp	Mariner-21_RPr_tp
Mariner-12_CGi_tp	Mariner-12_CGi_tp
Mariner-12_RPr_tp	Mariner-12_RPr_tp
Mariner-13_DAn_tp	Mariner-13_DAn_tp
UN-Soymar1_tp	UN-Soymar1_tp
UN-Stow2_OS_tp	UN-Stow2_OS_tp
UN-Stow2_OS_tp	UN-XP_469408_tp
UN-Stow2_OS_tp	Mariner-4_SBi_tp
UN-XP_470629_tp	UN-XP_470629_tp
UN-XP_470629_tp	UN-Mariner-3_OS_tp
UN-XP_470629_tp	UN-XP_469465_tp
UN-XP_473053_tp	UN-XP_473053_tp
UN-27901556_AO_tp	UN-27901556_AO_tp
UN-Impala_FO_tp	UN-Impala_FO_tp
UN-MAR1_BM_tp	UN-MAR1_BM_tp
UN-MARINCE1_tp	UN-MARINCE1_tp
UN-Mariner16_CB_tp	UN-Mariner16_CB_tp
UN-MdmaTa_tp	UN-MdmaTa_tp
UN-Minos_tp	UN-Minos_tp
UN-Minos_tp	Mariner-9_DK_tp
UN-NP_497684_tp	UN-NP_497684_tp
UN-Tc1a_HC_tp	UN-Tc1a_HC_tp
UN-Tc1a_HC_tp	Tc1_HC_tp
UN-Tc3_tp	UN-Tc3_tp
UN-Tc2-1_TN_tp	UN-Tc2-1_TN_tp
UN-NP_504631_tp	UN-NP_504631_tp
UN-NP_504631_tp	UN-NP_496989_tp
UN-NP_504631_tp	UN-Tc4_tp
UN-Tc5_tp	UN-Tc5_tp
UN-Tc5_tp	UN-NP_501949_tp
Mariner-1_GLuc_tp	Mariner-1_GLuc_tp
Mariner-4_MLP_tp	Mariner-4_MLP_tp
Mariner-5_PGr_tp	Mariner-5_PGr_tp
Mariner-5_PTrit_tp	Mariner-5_PTrit_tp
Mariner-5_PTrit_tp	Mariner-6_PGr_tp
Mariner-6_PTrit_2p_tp	Mariner-6_PTrit_2p_tp
Mariner-8_MLP_tp	Mariner-8_MLP_tp
Mariner-11_PGr_2p_tp	Mariner-11_PGr_2p_tp
Mariner-4_CCri_tp	Mariner-4_CCri_tp
Mariner-4_CCri_tp	Mariner-3_CCri_tp
Mariner-4_CCri_tp	Mariner-6_CCri_tp
Mariner-4_CCri_tp	Mariner-84_CCri_tp
Mariner-4_CCri_tp	Mariner-25_CCri_tp
Mariner-4_CCri_tp	Mariner-7_CCri_tp
Mariner-4_CCri_tp	Mariner-26_CCri_tp
Mariner-4_CCri_tp	Mariner-78_CCri_tp
Mariner-4_CCri_tp	Mariner-119_CCri_tp
Mariner-4_CCri_tp	Mariner-59_CCri_tp
Mariner-4_CCri_tp	Mariner-13_CCri_tp
Mariner-4_CCri_tp	Mariner-17_CCri_tp
Mariner-4_CCri_tp	Mariner-29_CCri_tp
Mariner-4_CCri_tp	Mariner-60_CCri_tp
Mariner-16_CCri_tp	Mariner-16_CCri_tp
Mariner-16_CCri_tp	Mariner-8_CCri_tp
Mariner-16_CCri_tp	Mariner-21_CCri_tp
Mariner-63_CCri_tp	Mariner-63_CCri_tp
Mariner-64_CCri_tp	Mariner-64_CCri_tp
Mariner-79_CCri_tp	Mariner-79_CCri_tp
Mariner-124_CCri_tp	Mariner-124_CCri_tp
Cirt1_tp	Cirt1_tp
Cirt1_tp	Cirt2_CA_tp
FotYL_tp	FotYL_tp
Gemini1_EI_tp	Gemini1_EI_tp
MarCry-1_FO_tp	MarCry-1_FO_tp
MarCry-1_FO_tp	UN-Fot5_FO_tp
MarCry-1_FO_tp	Mariner-9_SS_tp
Mariner2_AO_tp	Mariner2_AO_tp
Mariner3_AO_tp	Mariner3_AO_tp
Mariner-1_ABr_tp	Mariner-1_ABr_tp
Mariner-1_BFu_tp	Mariner-1_BFu_tp
Mariner-1_BFu_tp	Mariner-12_SS_tp
Mariner-1_DPu_tp	Mariner-1_DPu_tp
Mariner-1_HM_tp	Mariner-1_HM_tp
Mariner-1_MBr_tp	Mariner-1_MBr_tp
Mariner-1_NGr_tp	Mariner-1_NGr_tp
Mariner-1_SP_tp	Mariner-1_SP_tp
Mariner-2_MBr_tp	Mariner-2_MBr_tp
Mariner-2_SLL_tp	Mariner-2_SLL_tp
Mariner-2_SLL_tp	Mariner-3_SLL_tp
Mariner-2_TMe_tp	Mariner-2_TMe_tp
Mariner-3_AF_tp	Mariner-3_AF_tp
Mariner-3_HM_tp	Mariner-3_HM_tp
Mariner-4_AF_tp	Mariner-4_AF_tp
Mariner-4_HM_tp	Mariner-4_HM_tp
Mariner-4_SLL_tp	Mariner-4_SLL_tp
Mariner-4_SM_tp	Mariner-4_SM_tp
Mariner-5_AF_tp	Mariner-5_AF_tp
Mariner-6_SS_tp	Mariner-6_SS_tp
Mariner-7_AN_tp	Mariner-7_AN_tp
Mariner-7_AN_tp	Mariner-1_AF_tp
Mariner-7_AN_tp	UN-Tan1_AA_tp
Mariner-8_HM_tp	Mariner-8_HM_tp
Mariner-9_AN_tp	Mariner-9_AN_tp
Mariner-9_HM_tp	Mariner-9_HM_tp
Mariner-11_HM_tp	Mariner-11_HM_tp
Mariner-13_HM_tp	Mariner-13_HM_tp
Mariner-13_SS_tp	Mariner-13_SS_tp
Mariner-13_SS_tp	Mariner-5_SS_tp
Mariner-13_SS_tp	Mariner-7_SS_tp
Mariner-13_SS_tp	UN-39946842_MG_tp
Mariner-13_SS_tp	UN-Molly_SN_tp
Mariner-56_LSal_tp	Mariner-56_LSal_tp
Mariner-57_LSal_tp	Mariner-57_LSal_tp
Mariner-66_HSal_tp	Mariner-66_HSal_tp
Mariner-68_LMi_tp	Mariner-68_LMi_tp
Mariner-70_LMi_tp	Mariner-70_LMi_tp
Mariner-71_CCri_tp	Mariner-71_CCri_tp
Mariner-71_LMi_tp	Mariner-71_LMi_tp
Mariner-72_CCri_tp	Mariner-72_CCri_tp
Mariner-73_LMi_tp	Mariner-73_LMi_tp
Mariner-76_HSal_tp	Mariner-76_HSal_tp
Mariner-76_HSal_tp	Mariner-90_HSal_tp
Mariner-76_HSal_tp	Mariner-92_HSal_tp
Mariner-77_HSal_tp	Mariner-77_HSal_tp
Mariner-79_LMi_tp	Mariner-79_LMi_tp
Mariner-95_HSal_tp	Mariner-95_HSal_tp
Mariner-95_HSal_tp	Mariner-87_HSal_tp
Mariner-117_CCri_tp	Mariner-117_CCri_tp
Mariner-131_CCri_tp	Mariner-131_CCri_tp
Mariner-131_CCri_tp	Mariner-107_CCri_tp
Mariner-131_CCri_tp	Mariner-92_CCri_tp
Mariner-131_CCri_tp	Mariner-36_CCri_tp
MARISP1_tp	MARISP1_tp
PrD37D_tp	PrD37D_tp
PrD37E_tp	PrD37E_tp
Quetzal_tp	Quetzal_tp
SMAR5_tp	SMAR5_tp
SMAR19_tp	SMAR19_tp
SMAR29_tp	SMAR29_tp
Tc1-1_AG_tp	Tc1-1_AG_tp
Tc1-1_SSa_tp	Tc1-1_SSa_tp
Tc1-1_TCa_tp	Tc1-1_TCa_tp
Tc1-1Ory_tp	Tc1-1Ory_tp
Tc1-2_Lch_tp	Tc1-2_Lch_tp
Tc1-2Ory_tp	Tc1-2Ory_tp
Tc1-3_GA_tp	Tc1-3_GA_tp
Tc1-3_GA_tp	Tc1-10_Xt_tp
Tc1-3Ory_tp	Tc1-3Ory_tp
Tc1-4_Xt_tp	Tc1-4_Xt_tp
Tc1-4_Xt_tp	Tc1-2_FR_tp
Tc1-6_Xt_tp	Tc1-6_Xt_tp
Tc1-6_Xt_tp	Tc1_FR1_tp
Tc1-6_Xt_tp	Tc1-4Ory_tp
Tc1-7_Xt_tp	Tc1-7_Xt_tp
Tc1-8_Xt_tp	Tc1-8_Xt_tp
Tc1-8_Xt_tp	Tc1_FR4_tp
Tc1-11_AFC_tp	Tc1-11_AFC_tp
Tc1-11_AFC_tp	Mariner-35_LMi_tp
Tc1-13_Xt_tp	Tc1-13_Xt_tp
Tc1-13_Xt_tp	Tc1_RT_tp
Tc1-15_Xt_tp	Tc1-15_Xt_tp
Tc1-15_Xt_tp	Tc1_FR2_tp
Tc1-17_Xt_tp	Tc1-17_Xt_tp
Tc1_Ele13_tp	Tc1_Ele13_tp
TSESSEBEII_tp	TSESSEBEII_tp
Tx_mos_tp	Tx_mos_tp
Tx_mos_tp	Mariner-2_AAe_tp
UHU_tp	UHU_tp
Mariner22_CB_tp	Mariner22_CB_tp
Mariner22_CB_tp	UN-Tc2_tp
Mariner-13_DR_tp	Mariner-13_DR_tp
Mariner-13_DRh_tp	Mariner-13_DRh_tp
Mariner-13_RPr_tp	Mariner-13_RPr_tp
Mariner-13_SM_tp	Mariner-13_SM_tp
Mariner-14_CGi_tp	Mariner-14_CGi_tp
Mariner-14_DAn_tp	Mariner-14_DAn_tp
Mariner-14_DAn_tp	Mariner-6_DBp_tp
Mariner-14_SIn_tp	Mariner-14_SIn_tp
Mariner-14_SIn_tp	Mariner-29_AEc_tp
Mariner-15_CGi_tp	Mariner-15_CGi_tp
Mariner-15_DRh_tp	Mariner-15_DRh_tp
Mariner-15_DRh_tp	Mariner-3_DK_tp
Mariner-15_DRh_tp	Mariner-13_DF_tp
Mariner-15_DRh_tp	Mariner-1_DK_tp
Mariner-15_DRh_tp	Mariner-14_DRh_tp
Mariner-15_LMi_tp	Mariner-15_LMi_tp
Mariner-15_LMi_tp	Mariner-11_DK_tp
Mariner-16_CGi_tp	Mariner-16_CGi_tp
Mariner-16_LMi_tp	Mariner-16_LMi_tp
Mariner-16_SIn_tp	Mariner-16_SIn_tp
Mariner-17_AEc_tp	Mariner-17_AEc_tp
Mariner-17_AEc_tp	Mariner-4_PBa_tp
Mariner-17_HSal_tp	Mariner-17_HSal_tp
Mariner-17_LMi_tp	Mariner-17_LMi_tp
Mariner-17_SIn_tp	Mariner-17_SIn_tp
Mariner-18_CGi_tp	Mariner-18_CGi_tp
Mariner-18_DK_tp	Mariner-18_DK_tp
Mariner-18_RPr_tp	Mariner-18_RPr_tp
Mariner-18_SIn_tp	Mariner-18_SIn_tp
Mariner-18_SIn_tp	Mariner-43_LMi_tp
Mariner-19_CGi_tp	Mariner-19_CGi_tp
Mariner-19_CGi_tp	Mariner-5_CGi_tp
Mariner-19_EL_tp	Mariner-19_EL_tp
Mariner-19_EL_tp	Tc1-2_SSa_tp
Mariner-20_CCri_tp	Mariner-20_CCri_tp
Mariner-20_CCri_tp	Mariner-20B_CCri_tp
Mariner-20_CGi_tp	Mariner-20_CGi_tp
Mariner-20_DF_tp	Mariner-20_DF_tp
Mariner-20_LMi_tp	Mariner-20_LMi_tp
Mariner-20_LSal_tp	Mariner-20_LSal_tp
Mariner-20_RPr_tp	Mariner-20_RPr_tp
Mariner-20_SSa_tp	Mariner-20_SSa_tp
Mariner-20_SSa_tp	Tc1DR1_tp
Mariner-21_LMi_tp	Mariner-21_LMi_tp
Mariner-21_LMi_tp	Mariner-66_LMi_tp
Mariner-22_CCri_tp	Mariner-22_CCri_tp
Mariner-22_CCri_tp	Mariner-22B_CCri_tp
Mariner-22_CCri_tp	Mariner-73_CCri_tp
Mariner-22_CGi_tp	Mariner-22_CGi_tp
Mariner-22_DK_tp	Mariner-22_DK_tp
Mariner-22_EL_tp	Mariner-22_EL_tp
Mariner-22_EL_tp	Tc1_FR3_tp
Mariner-22_EL_tp	Mariner-5_SSa_tp
Mariner-22_LMi_tp	Mariner-22_LMi_tp
Mariner-22_SIn_tp	Mariner-22_SIn_tp
Mariner-22_SIn_tp	Mariner-19_LMi_tp
Mariner-23_CGi_tp	Mariner-23_CGi_tp
Mariner-23_RPr_tp	Mariner-23_RPr_tp
Mariner-24_DF_tp	Mariner-24_DF_tp
Mariner-24_EL_tp	Mariner-24_EL_tp
Mariner-24_EL_tp	Mariner-1_DR_tp
Mariner-24_EL_tp	Mariner-2_DR_tp
Mariner-24_EL_tp	Tc1-2_Xt_tp
Mariner-24_SSa_tp	Mariner-24_SSa_tp
Mariner-25_CGi_tp	Mariner-25_CGi_tp
Mariner-25_LSal_tp	Mariner-25_LSal_tp
Mariner-26_CGi_tp	Mariner-26_CGi_tp
Mariner-26_CGi_tp	Mariner-1_LG_tp
Mariner-26_CGi_tp	Mariner-2_LG_tp
Mariner-26_CGi_tp	Mariner-4_LG_tp
Mariner-26_CGi_tp	Mariner-1_CGi_tp
Mariner-26_CGi_tp	Mariner-4_CTe_tp
Mariner-26_CGi_tp	Mariner-22_SSa_tp
Mariner-26_CGi_tp	Mariner-27_CGi_tp
Mariner-26_LMi_tp	Mariner-26_LMi_tp
Mariner-27_LMi_tp	Mariner-27_LMi_tp
Mariner-29_CGi_tp	Mariner-29_CGi_tp
Mariner-29_LMi_tp	Mariner-29_LMi_tp
Mariner-30_LMi_tp	Mariner-30_LMi_tp
Mariner-32_LMi_tp	Mariner-32_LMi_tp
Mariner-32_LMi_tp	Mariner-2_BM_tp
Mariner-32_LMi_tp	Mariner-4_HMM_tp
Mariner-34_LMi_tp	Mariner-34_LMi_tp
Mariner-35_SSa_tp	Mariner-35_SSa_tp
Mariner-37_LSal_tp	Mariner-37_LSal_tp
Mariner-38_LSal_tp	Mariner-38_LSal_tp
Mariner-38_SSa_tp	Mariner-38_SSa_tp
Mariner-40_SSa_tp	Mariner-40_SSa_tp
Mariner-40_SSa_tp	Tc1-16_Xt_tp
Mariner-40_SSa_tp	UN-TC1_RP_tp
Mariner-40_SSa_tp	Tc1-14_Xt_tp
Mariner-40_SSa_tp	UN-Tc1_PP_tp
Mariner-40_SSa_tp	Mariner-10_SSa_tp
Mariner-40_SSa_tp	Mariner-15_DR_tp
Mariner-40_SSa_tp	Tc1-1_ACar_tp
Mariner-40_SSa_tp	Tc1-1_Xt_tp
Mariner-40_SSa_tp	Tc1-2_PM_tp
Mariner-40_SSa_tp	Tc1-3_Xt_tp
Mariner-40_SSa_tp	Tc1-11_Xt_tp
Mariner-40_SSa_tp	Tc1-12_Xt_tp
Mariner-40_SSa_tp	Tc1_TF_tp
Mariner-40_SSa_tp	Tc1_XL_tp
Mariner-40_SSa_tp	TguTc1_tp
Mariner-41_HMa_tp	Mariner-41_HMa_tp
Mariner-42_LMi_tp	Mariner-42_LMi_tp
Mariner-42_LMi_tp	Mariner-36_LMi_tp
Mariner-42_LSal_tp	Mariner-42_LSal_tp
Mariner-42_LSal_tp	Mariner-51_LSal_tp
Mariner-42_LSal_tp	Mariner-4_LSal_tp
Mariner-42_SSa_tp	Mariner-42_SSa_tp
Mariner-43_HM_tp	Mariner-43_HM_tp
Mariner-43_LSal_tp	Mariner-43_LSal_tp
Mariner-45_LMi_tp	Mariner-45_LMi_tp
Mariner-47_LSal_tp	Mariner-47_LSal_tp
Mariner-49_LSal_tp	Mariner-49_LSal_tp
Mariner-50_HM_tp	Mariner-50_HM_tp
Mariner-56_LMi_tp	Mariner-56_LMi_tp
Mariner-6_PR_tp	Mariner-6_PR_tp
Mariner-6_ROr_tp	Mariner-6_ROr_tp
Mariner-6_ROr_tp	Mariner-7_ROr_tp
Mariner-6_SK_tp	Mariner-6_SK_tp
Mariner-6_SM_tp	Mariner-6_SM_tp
Mariner-7_XT_tp	Mariner-7_XT_tp
Mariner-9_ROr_tp	Mariner-9_ROr_tp
Mariner-9_ROr_tp	Mariner-1_ROr_tp
Mariner-10_PI_tp	Mariner-10_PI_tp
Mariner-12_PI_tp	Mariner-12_PI_tp
Mariner-12_PI_tp	Mariner-11_PI_tp
Mariner-12_PI_tp	Mariner-13_PI_tp
Mariner-12_SM_tp	Mariner-12_SM_tp
Mariner-12_SM_tp	UN-31212651_AG_tp
Mariner-19_SM_tp	Mariner-19_SM_tp
Mariner-20_SM_tp	Mariner-20_SM_tp
Mariner-28_RPr_tp	Mariner-28_RPr_tp
Mariner-31_CGi_tp	Mariner-31_CGi_tp
Mariner-32_RPr_tp	Mariner-32_RPr_tp
Mariner-32_RPr_tp	SMAR30_tp
Mariner-42_HM_tp	Mariner-42_HM_tp
Mariner-44_HM_tp	Mariner-44_HM_tp
Mariner-45_HM_tp	Mariner-45_HM_tp
Mariner44_CB_tp	Mariner44_CB_tp
Mariner-2_AP_tp	Mariner-2_AP_tp
Mariner-2_AP_tp	Mariner-1_AP_tp
Mariner-2_AP_tp	Mariner-3_AP_tp
Mariner-21_CGi_tp	Mariner-21_CGi_tp
Mariner-33_LMi_tp	Mariner-33_LMi_tp
Mariner-40_LMi_tp	Mariner-40_LMi_tp
Mariner-41_LMi_tp	Mariner-41_LMi_tp
Mariner-47_LMi_tp	Mariner-47_LMi_tp
Mariner-55_LMi_tp	Mariner-55_LMi_tp
ANM4_tp	ANM4_tp
MAR1_TV_tp	MAR1_TV_tp
Mariner4_CB_tp	Mariner4_CB_tp
Mariner5_CB_tp	Mariner5_CB_tp
Mariner6_CB_tp	Mariner6_CB_tp
Mariner12_CB_tp	Mariner12_CB_tp
Mariner18_CB_tp	Mariner18_CB_tp
Mariner24_CB_tp	Mariner24_CB_tp
Mariner26_CB_tp	Mariner26_CB_tp
Mariner38_CB_tp	Mariner38_CB_tp
Mariner-1_BG_tp	Mariner-1_BG_tp
Mariner-1_BM_tp	Mariner-1_BM_tp
Mariner-1_DPe_tp	Mariner-1_DPe_tp
Mariner-1_DPe_tp	Mariner-4_BM_tp
Mariner-1_DPe_tp	Mariner-7_RPr_tp
Mariner-1_DPe_tp	Mariner-33_HSal_tp
Mariner-1_DPe_tp	Mariner-38_HSal_tp
Mariner-1_Dro_tp	Mariner-1_Dro_tp
Mariner-1_Dro_tp	Mariner-1_AEc_tp
Mariner-1_Dro_tp	Mariner-20_AEc_tp
Mariner-2_BF_tp	Mariner-2_BF_tp
Mariner-2_BF_tp	Mariner-4_ACar_tp
Mariner-2_CGi_tp	Mariner-2_CGi_tp
Mariner-2_CGi_tp	Mariner-11_CGi_tp
Mariner-2_LHu_tp	Mariner-2_LHu_tp
Mariner-2_LHu_tp	Mariner-1_HSal_tp
Mariner-2_LHu_tp	Mariner-1B_HSal_tp
Mariner-2_LHu_tp	Mariner-3_PBa_tp
Mariner-2_LHu_tp	Mariner-8_AEc_tp
Mariner-2_LHu_tp	Mariner-10_LHu_tp
Mariner-2_LHu_tp	Mariner-11_LHu_tp
Mariner-2_LHu_tp	Mariner-20_SIn_tp
Mariner-2_LHu_tp	Mariner-33_AEc_tp
Mariner-2_LHu_tp	Mariner-48_HSal_tp
Mariner-2_LHu_tp	Mariner-65_HSal_tp
Mariner-2_LHu_tp	Mariner-100_HSal_tp
Mariner-2_LHu_tp	Mariner-32_HSal_tp
Mariner-2_PPc_tp	Mariner-2_PPc_tp
Mariner-3_BM_tp	Mariner-3_BM_tp
Mariner-4_CFl_tp	Mariner-4_CFl_tp
Mariner-4_CFl_tp	Mariner-9_PBa_tp
Mariner-4_CFl_tp	Mariner-1_DBi_tp
Mariner-4_CFl_tp	Mariner-2_DF_tp
Mariner-4_CFl_tp	Mariner-2_PBa_tp
Mariner-4_CFl_tp	Mariner-5_SIn_tp
Mariner-4_CFl_tp	Mariner-26_AEc_tp
Mariner-4_CFl_tp	Mariner-50_HSal_tp
Mariner-4_CFl_tp	Mariner-15_RPr_tp
Mariner-4_CFl_tp	Mariner-2_LMi_tp
Mariner-4_CFl_tp	Mariner-22_AEc_tp
Mariner-4_CFl_tp	Mariner-57_LMi_tp
Mariner-4_RPr_tp	Mariner-4_RPr_tp
Mariner-4_RPr_tp	Mariner-9_RPr_tp
Mariner-4_RPr_tp	Mariner-30_AEc_tp
Mariner-4_RPr_tp	Mariner-57B_HSal_tp
Mariner-5_ACe_tp	Mariner-5_ACe_tp
Mariner-5_ACe_tp	UN-CCmar1_tp
Mariner-5_ACe_tp	Mariner1_BT_tp
Mariner-5_ACe_tp	Mariner-1_ACe_tp
Mariner-5_ACe_tp	Mariner-1_DF_tp
Mariner-5_ACe_tp	Mariner-3_DRh_tp
Mariner-5_ACe_tp	Mariner-3_HSal_tp
Mariner-5_ACe_tp	Mariner-4_HSal_tp
Mariner-5_ACe_tp	Mariner-6_CFl_tp
Mariner-5_ACe_tp	Mariner-8_PBa_tp
Mariner-5_ACe_tp	Mariner-8_SIn_tp
Mariner-5_ACe_tp	Mariner-10_CFl_tp
Mariner-5_ACe_tp	Mariner-12_PBa_tp
Mariner-5_ACe_tp	Mariner-16_AEc_tp
Mariner-5_ACe_tp	Mariner-16_HSal_tp
Mariner-5_ACe_tp	Mariner-20_HSal_tp
Mariner-5_ACe_tp	Mariner-22_HSal_tp
Mariner-5_ACe_tp	Mariner-23_HSal_tp
Mariner-5_ACe_tp	Mariner-27_AEc_tp
Mariner-5_ACe_tp	Mariner-35_HSal_tp
Mariner-5_ACe_tp	Mariner-36_HSal_tp
Mariner-5_ACe_tp	Mariner-42_HSal_tp
Mariner-5_ACe_tp	Mariner-43_HSal_tp
Mariner-5_ACe_tp	Mariner-45_HSal_tp
Mariner-5_ACe_tp	Mariner-47_HSal_tp
Mariner-5_ACe_tp	Mariner-99_HSal_tp
Mariner-5_ACe_tp	Mariner_Tbel_tp
Mariner-5_ACe_tp	UN-Acmar_tp
Mariner-5_ACe_tp	Mariner-6_PBa_tp
Mariner-5_ACe_tp	NAVIMAR1_tp
Mariner-61_LMi_tp	Mariner-61_LMi_tp
Mariner-61_LMi_tp	Mariner-2_RPr_tp
Mariner-61_LMi_tp	Mariner-5_Crp_tp
Mariner-61_LMi_tp	Mariner-8_LMi_tp
Mariner-61_LMi_tp	Mariner1_GG_tp
Mariner-61_LMi_tp	Mariner-1_ACar_tp
Mariner-61_LMi_tp	Mariner-16_RPr_tp
Mariner-61_LMi_tp	Mariner-35_AEc_tp
Mariner-61_LMi_tp	Mariner-5_LMi_tp
Mariner-61_LMi_tp	Mariner-6_LMi_tp
Mariner-61_LMi_tp	Mariner-69_LMi_tp
Mariner-61_LMi_tp	Mariner-25_LMi_tp
Mariner-62_LMi_tp	Mariner-62_LMi_tp
Mariner-72_HSal_tp	Mariner-72_HSal_tp
Mariner-75_HSal_tp	Mariner-75_HSal_tp
Mariner-78_HSal_tp	Mariner-78_HSal_tp
Mariner-94_HSal_tp	Mariner-94_HSal_tp
Mariner_HB_tp	Mariner_HB_tp
Oamar1_tp	Oamar1_tp
SMAR1_tp	SMAR1_tp
SMAR7_tp	SMAR7_tp
SMAR23_tp	SMAR23_tp
SMAR23_tp	SMAR4_tp
SMAR23_tp	SMAR10_tp
SMAR27_tp	SMAR27_tp
SMAR31_tp	SMAR31_tp
SMAR31_tp	Mariner-23_AEc_tp
SMAR32_tp	SMAR32_tp
SMAR33_tp	SMAR33_tp
VENSMAR1_tp	VENSMAR1_tp
Mogwai1_Ei_tp	Mogwai1_Ei_tp
Mogwai2_EI_tp	Mogwai2_EI_tp
Mariner2_MT_tp	Mariner2_MT_tp
Mariner2_MT_tp	ATHPogo_tp
Mariner-1_LCh_tp	Mariner-1_LCh_tp
Mariner-2_BG_tp	Mariner-2_BG_tp
Mariner-2_CCri_tp	Mariner-2_CCri_tp
Mariner-2_CCri_tp	Mariner-85_CCri_tp
Mariner-2_NV_tp	Mariner-2_NV_tp
Mariner-3_AN_tp	Mariner-3_AN_tp
Mariner-4_NV_tp	Mariner-4_NV_tp
Mariner-4_NV_tp	Mariner-1_NV_tp
Mariner-5_NV_tp	Mariner-5_NV_tp
Mariner-6_MLP_tp	Mariner-6_MLP_tp
Mariner-6_NV_tp	Mariner-6_NV_tp
Mariner-7_AF_tp	Mariner-7_AF_tp
Mariner-7_PR_tp	Mariner-7_PR_tp
Mariner-7_PR_tp	Mariner-14_PI_tp
Mariner-9_LCh_tp	Mariner-9_LCh_tp
Mariner-10_CGi_tp	Mariner-10_CGi_tp
Mariner-12_LCh_tp	Mariner-12_LCh_tp
Mariner-13_CGi_tp	Mariner-13_CGi_tp
Mariner-14_CCri_tp	Mariner-14_CCri_tp
Mariner-17_LCh_tp	Mariner-17_LCh_tp
Mariner-20_LCh_tp	Mariner-20_LCh_tp
Mariner-23_LCh_tp	Mariner-23_LCh_tp
Mariner-25_LCh_tp	Mariner-25_LCh_tp
Mariner-34_SM_tp	Mariner-34_SM_tp
Mariner-35_CCri_tp	Mariner-35_CCri_tp
Mariner-37_CCri_tp	Mariner-37_CCri_tp
Mariner-37_CCri_tp	Mariner-95_CCri_tp
Mariner-54_CCri_tp	Mariner-54_CCri_tp
Mariner-56_CCri_tp	Mariner-56_CCri_tp
Mariner-56_CCri_tp	Mariner-130_CCri_tp
Mariner-91_CCri_tp	Mariner-91_CCri_tp
Mariner-109_CCri_tp	Mariner-109_CCri_tp
Mariner-109_CCri_tp	Mariner-53_CCri_tp
Mariner-109_CCri_tp	Mariner-55_CCri_tp
Mariner-110_CCri_tp	Mariner-110_CCri_tp
Mariner-111_CCri_tp	Mariner-111_CCri_tp
Mariner-125_CCri_tp	Mariner-125_CCri_tp
SMAR3_tp	SMAR3_tp
SMAR20_tp	SMAR20_tp
SMAR21_tp	SMAR21_tp
Sagan-1_AAn_tp	Sagan-1_AAn_tp
Sagan-1_ALai_tp	Sagan-1_ALai_tp
Sagan-1_ESi_tp	Sagan-1_ESi_tp
Sagan-1_LB_tp	Sagan-1_LB_tp
Sagan-1_PGr_tp	Sagan-1_PGr_tp
Sagan-1_PMa_tp	Sagan-1_PMa_tp
Sagan-1_PSt_tp	Sagan-1_PSt_tp
Sagan-1_PSt_tp	Sagan-2_PGr_tp
Sagan-1_RO_tp	Sagan-1_RO_tp
Sagan-1_TMe_tp	Sagan-1_TMe_tp
Sagan-2_MLP_tp	Sagan-2_MLP_tp
Sagan-3_MLP_tp	Sagan-3_MLP_tp
Sagan-3_TMe_tp	Sagan-3_TMe_tp
Sagan-3_TMe_tp	Sagan-7_TMe_tp
Sagan-4_TMe_tp	Sagan-4_TMe_tp
Sagan-4_TMe_tp	Sagan-6_TMe_tp
Sagan-4_TMe_tp	Sagan-2_TMe_tp
Mariner-1_PR_tp	Mariner-1_PR_tp
Mariner-1_XT_tp	Mariner-1_XT_tp
Mariner-1_XT_tp	Mariner-3_CPB_tp
Mariner-2_XT_tp	Mariner-2_XT_tp
Mariner-2_XT_tp	Mariner-3_ACar_tp
Mariner-3_PI_tp	Mariner-3_PI_tp
Mariner-3_PI_tp	Mariner-4_PI_tp
Mariner-3_PI_tp	Mariner-4_PR_tp
Mariner-4_XT_tp	Mariner-4_XT_tp
Mariner-4_XT_tp	Mariner-3_XT_tp
Mariner-4_XT_tp	Mariner-14_SM_tp
Mariner-4_XT_tp	SMAR6_tp
Mariner-5_HM_tp	Mariner-5_HM_tp
Mariner-5_XT_tp	Mariner-5_XT_tp
Mariner-5_XT_tp	SMAR12_tp
Mariner-6_AMi_tp	Mariner-6_AMi_tp
Mariner-6_AMi_tp	Mariner-6B_AMi_tp
Mariner-6_HM_tp	Mariner-6_HM_tp
Mariner-7_PI_tp	Mariner-7_PI_tp
Mariner-8_PI_tp	Mariner-8_PI_tp
Mariner-10_Crp_tp	Mariner-10_Crp_tp
Mariner-10_Crp_tp	Kanga_Mdo_tp
Mariner-10_Crp_tp	Kanga1_tp
Mariner-10_Crp_tp	Tc2_FR6_tp
Mariner-17_SM_tp	Mariner-17_SM_tp
Mariner-21_LCh_tp	Mariner-21_LCh_tp
Mariner-21_LCh_tp	Mariner-6_XT_tp
Mariner-21_LCh_tp	SMAR22_tp
Mariner-21_LCh_tp	Mariner-5_LCh_tp
Mariner-21_LCh_tp	Mariner-9_Crp_tp
Mariner-24_SM_tp	Mariner-24_SM_tp
Mariner-28_SM_tp	Mariner-28_SM_tp
Mariner-30_CGi_tp	Mariner-30_CGi_tp
Mariner-40_HM_tp	Mariner-40_HM_tp
SMAR8_tp	SMAR8_tp
SMAR14_tp	SMAR14_tp
SMAR24_tp	SMAR24_tp
Tc2_FR1_tp	Tc2_FR1_tp
Tc2_FR5_tp	Tc2_FR5_tp
Tc2_FR5_tp	Mariner-28_SSa_tp
Tc2_FR5_tp	Tc2_FR4_tp
Mariner3-1_LMi_tp	Mariner3-1_LMi_tp
Mariner3-3_HSal_tp	Mariner3-3_HSal_tp
Mariner3-3_LMi_tp	Mariner3-3_LMi_tp
Mariner3-3_LMi_tp	Mariner-7_LHu_tp
Mariner3-7_LMi_tp	Mariner3-7_LMi_tp
Mariner45_CB_tp	Mariner45_CB_tp
Mariner-5_LHu_tp	Mariner-5_LHu_tp
Mariner-5_LHu_tp	Mariner3-1_CFl_tp
Mariner-5_LHu_tp	Mariner3-1_HSal_tp
Mariner-5_LHu_tp	Mariner-15_AEc_tp
Mariner-5_LHu_tp	Mariner-36_SIn_tp
Mariner-34_SIn_tp	Mariner-34_SIn_tp
Mariner-1_CPB_tp	Mariner-1_CPB_tp
Mariner-1_CPB_tp	Mariner-5_SM_tp
Mariner-1_CPB_tp	Mariner-7_CPB_tp
Mariner-1_Crp_tp	Mariner-1_Crp_tp
Mariner-1_Crp_tp	Mariner-2_AMi_tp
Mariner-1_Crp_tp	Tigger1_tp
Mariner-1_PM_tp	Mariner-1_PM_tp
Mariner-1_PM_tp	MarsTigger1c_tp
Mariner-2_ACar_tp	Mariner-2_ACar_tp
Mariner-2_CPB_tp	Mariner-2_CPB_tp
Mariner-2_Crp_tp	Mariner-2_Crp_tp
Mariner-2_LCh_tp	Mariner-2_LCh_tp
Mariner-3_Crp_tp	Mariner-3_Crp_tp
Mariner-3_LCh_tp	Mariner-3_LCh_tp
Mariner-3_PM_tp	Mariner-3_PM_tp
Mariner-5_AMi_tp	Mariner-5_AMi_tp
Mariner-6_Crp_tp	Mariner-6_Crp_tp
Mariner-6_Crp_tp	Mariner-4_Crp_tp
Mariner-6_Crp_tp	Mariner-18_LCh_tp
Mariner-6_Crp_tp	Tigger10_Croc_tp
Mariner-6_Crp_tp	Tigger10_Monotr
Mariner-6_Crp_tp	Tigger10_Turtle_tp
Mariner-6_Crp_tp	Tigger10_tp
Mariner-7_Crp_tp	Mariner-7_Crp_tp
Mariner-7_Crp_tp	Mariner-7_Croc_tp
Mariner-7_Crp_tp	Mariner-38_SM_tp
Mariner-7_Crp_tp	SMAR9_tp
Mariner-7_LCh_tp	Mariner-7_LCh_tp
Mariner-10_LCh_tp	Mariner-10_LCh_tp
Mariner-10_LCh_tp	Mariner-5_CPB_tp
Mariner-19_LCh_tp	Mariner-19_LCh_tp
Mariner-19_LCh_tp	Mariner-22_LCh_tp
Mariner-21_SM_tp	Mariner-21_SM_tp
Mariner-24_LCh_tp	Mariner-24_LCh_tp
Mariner-27_SM_tp	Mariner-27_SM_tp
Mariner-29_SM_tp	Mariner-29_SM_tp
Mariner-30_SM_tp	Mariner-30_SM_tp
Mariner-30_SM_tp	Mariner-2_PM_tp
Mariner-30_SM_tp	Mariner-11_RPr_tp
Mariner-30_SM_tp	SMAR13_tp
Mariner-33_SM_tp	Mariner-33_SM_tp
Mariner-37_SM_tp	Mariner-37_SM_tp
Mariner-132_CCri_tp	Mariner-132_CCri_tp
Mariner-132_CCri_tp	Mariner-103_CCri_tp
MarsTigger6_tp	MarsTigger6_tp
MarsTigger8_tp	MarsTigger8_tp
SMAR11_tp	SMAR11_tp
SMAR15_tp	SMAR15_tp
SMAR16_tp	SMAR16_tp
SMAR18_tp	SMAR18_tp
Mariner-6_BM_tp	Mariner-6_BM_tp
Mariner-7_PBa_tp	Mariner-7_PBa_tp
Mariner-7_PBa_tp	MARINA_tp
Mariner-7_PBa_tp	Mariner1_DYa_tp
Mariner-7_PBa_tp	Mariner-1_PBa_tp
Mariner-7_PBa_tp	Mariner-3_CFl_tp
Mariner-7_PBa_tp	Mariner-4_SIn_tp
Mariner-7_PBa_tp	Mariner-5_AEc_tp
Mariner-7_PBa_tp	Mariner-5_HSal_tp
Mariner-7_PBa_tp	Mariner-6_DF_tp
Mariner-7_PBa_tp	Mariner-6_LHu_tp
Mariner-7_PBa_tp	Mariner-6_RPr_tp
Mariner-7_PBa_tp	Mariner-7_AEc_tp
Mariner-7_PBa_tp	Mariner-8_DK_tp
Mariner-7_PBa_tp	Mariner-9_ACe_tp
Mariner-7_PBa_tp	Mariner-9_SIn_tp
Mariner-7_PBa_tp	Mariner-12_CFl_tp
Mariner-7_PBa_tp	Mariner-13_DBp_tp
Mariner-7_PBa_tp	Mariner-14_CFl_tp
Mariner-7_PBa_tp	Mariner-16_HM_tp
Mariner-7_PBa_tp	Mariner-26_HSal_tp
Mariner-7_PBa_tp	Mariner-29_HSal_tp
Mariner-7_PBa_tp	Mariner-40_HSal_tp
Mariner-7_PBa_tp	Mariner-40_LSal_tp
Mariner-7_PBa_tp	Mariner-49_HSal_tp
Mariner-7_PBa_tp	Mariner-49_LMi_tp
Mariner-7_PBa_tp	Mariner-51_LMi_tp
Mariner-7_PBa_tp	Mariner-70_HSal_tp
Mariner-7_PBa_tp	Mariner-98_HSal_tp
Mariner-7_PBa_tp	Mariner-3_PPo_tp
Mariner-7_PBa_tp	Mariner-15_HSal_tp
Mariner-7_PBa_tp	Mariner-30_LSal_tp
Mariner-9_AEc_tp	Mariner-9_AEc_tp
Mariner-12_SIn_tp	Mariner-12_SIn_tp
Mariner-13_LHu_tp	Mariner-13_LHu_tp
Mariner-13_LHu_tp	UN-Bgmar1_tp
Mariner-13_LHu_tp	UN-Desmar1_tp
Mariner-13_LHu_tp	Mariner-1_CFl_tp
Mariner-13_LHu_tp	Mariner-2_SIn_tp
Mariner-13_LHu_tp	Mariner-4_AEc_tp
Mariner-13_LHu_tp	Mariner-6_AEc_tp
Mariner-13_LHu_tp	Mariner-7_HSal_tp
Mariner-13_LHu_tp	Mariner-8_LHu_tp
Mariner-13_LHu_tp	Mariner-9_CFl_tp
Mariner-13_LHu_tp	Mariner-10_AEc_tp
Mariner-13_LHu_tp	Mariner-11_CFl_tp
Mariner-13_LHu_tp	Mariner-11_SIn_tp
Mariner-13_LHu_tp	Mariner-18_AEc_tp
Mariner-13_LHu_tp	Mariner-25_HSal_tp
Mariner-13_LHu_tp	Mariner-27_HSal_tp
Mariner-13_LHu_tp	Mariner-31_AEc_tp
Mariner-13_LHu_tp	Mariner-31_HSal_tp
Mariner-13_LHu_tp	Mariner-34_HSal_tp
Mariner-13_LHu_tp	Mariner-53_HSal_tp
Mariner-13_LHu_tp	Mariner-63_HSal_tp
Mariner-13_LHu_tp	SMAR17_tp
Mariner-13_LHu_tp	Mariner-1_LHu_tp
Mariner-13_LHu_tp	Mariner-7_DEl_tp
Mariner-13_LHu_tp	Mariner-23_LSal_tp
Mariner-13_LHu_tp	BOTMAR1_tp
Mariner-13_LHu_tp	Mariner-2_ACe_tp
Mariner-13_LHu_tp	Mariner-3_AEc_tp
Mariner-13_LHu_tp	Mariner-6_SIn_tp
Mariner-13_LHu_tp	Mariner-9_LHu_tp
Mariner-13_LHu_tp	Mariner-24_HSal_tp
Mariner-13_LHu_tp	Mariner-85_HSal_tp
Mariner-13_LMi_tp	Mariner-13_LMi_tp
Mariner-14_DBp_tp	Mariner-14_DBp_tp
Mariner-14_DBp_tp	Mariner-1_DEl_tp
Mariner-14_DBp_tp	Mariner-2_DEl_tp
Mariner-14_DBp_tp	Mariner-46_HSal_tp
Mariner-14_DBp_tp	Mariner_CA_tp
Mariner-14_DBp_tp	MARIAM1_tp
Mariner-14_DBp_tp	SMAR26_tp
Mariner-14_LMi_tp	Mariner-14_LMi_tp
Mariner-15_SM_tp	Mariner-15_SM_tp
Mariner-18_LMi_tp	Mariner-18_LMi_tp
Mariner-19_SIn_tp	Mariner-19_SIn_tp
Mariner-23_LMi_tp	Mariner-23_LMi_tp
Mariner-23_SIn_tp	Mariner-23_SIn_tp
Mariner-23_SIn_tp	Mariner-64_HSal_tp
Mariner-25_SIn_tp	Mariner-25_SIn_tp
Mariner-25_SIn_tp	Mariner-21_AEc_tp
Mariner-25_SIn_tp	Mari2_Pca_tp
Mariner-28_HSal_tp	Mariner-28_HSal_tp
Mariner-39_HSal_tp	Mariner-39_HSal_tp
Mariner-21_PI_tp	Mariner-21_PI_tp
Mariner-22_HM_tp	Mariner-22_HM_tp
Mariner-22_RPr_tp	Mariner-22_RPr_tp
Mariner-23_CCri_tp	Mariner-23_CCri_tp
Mariner-23_HM_tp	Mariner-23_HM_tp
Mariner-24_CCri_tp	Mariner-24_CCri_tp
Mariner-24_CCri_tp	Mariner-1_CCri_tp
Mariner-24_CGi_tp	Mariner-24_CGi_tp
Mariner-24_HM_tp	Mariner-24_HM_tp
Mariner-25_HM_tp	Mariner-25_HM_tp
Mariner-26_HM_tp	Mariner-26_HM_tp
Mariner-26_HM_tp	Mariner-21_HM_tp
Mariner-26_HM_tp	Mariner-46_HM_tp
Mariner-26_HM_tp	Mariner-17_HM_tp
Mariner-27_CCri_tp	Mariner-27_CCri_tp
Mariner-27_HM_tp	Mariner-27_HM_tp
Mariner-27_HM_tp	Mariner-33_HM_tp
Mariner-28_CCri_tp	Mariner-28_CCri_tp
Mariner-28_CGi_tp	Mariner-28_CGi_tp
Mariner-28_HM_tp	Mariner-28_HM_tp
Mariner-29_HM_tp	Mariner-29_HM_tp
Mariner-30_HM_tp	Mariner-30_HM_tp
Mariner-31_CCri_tp	Mariner-31_CCri_tp
Mariner-31_CCri_tp	Mariner-88_CCri_tp
Mariner-32_HM_tp	Mariner-32_HM_tp
Mariner-33_CCri_tp	Mariner-33_CCri_tp
Mariner-34_CCri_tp	Mariner-34_CCri_tp
Mariner-34_HM_tp	Mariner-34_HM_tp
Mariner-35_HM_tp	Mariner-35_HM_tp
Mariner-36_HM_tp	Mariner-36_HM_tp
Mariner-37_HM_tp	Mariner-37_HM_tp
Mariner-38_HM_tp	Mariner-38_HM_tp
Mariner-39_HM_tp	Mariner-39_HM_tp
Mariner-41_CCri_tp	Mariner-41_CCri_tp
Mariner-42_CCri_tp	Mariner-42_CCri_tp
Mariner-43_CCri_tp	Mariner-43_CCri_tp
Mariner-43_CCri_tp	Mariner-99_CCri_tp
Mariner-45_CCri_tp	Mariner-45_CCri_tp
Mariner-46_CCri_tp	Mariner-46_CCri_tp
Mariner-49_CCri_tp	Mariner-49_CCri_tp
Mariner-50_CCri_tp	Mariner-50_CCri_tp
Mariner-50_CCri_tp	Mariner-51_CCri_tp
Mariner-57_CCri_tp	Mariner-57_CCri_tp
Mariner-66_CCri_tp	Mariner-66_CCri_tp
Mariner-67_CCri_tp	Mariner-67_CCri_tp
Mariner-67_CCri_tp	Mariner-128_CCri_tp
Mariner-68_CCri_tp	Mariner-68_CCri_tp
Mariner-68_CCri_tp	Mariner-77_CCri_tp
Mariner-74_CCri_tp	Mariner-74_CCri_tp
Mariner-74_CCri_tp	Mariner-75_CCri_tp
Mariner-82_CCri_tp	Mariner-82_CCri_tp
Mariner-82_CCri_tp	Mariner-81_CCri_tp
Mariner-83_CCri_tp	Mariner-83_CCri_tp
Mariner-86_CCri_tp	Mariner-86_CCri_tp
Mariner-86_CCri_tp	Mariner-30_CCri_tp
Mariner-86_CCri_tp	Mariner-126_CCri_tp
Mariner-89_CCri_tp	Mariner-89_CCri_tp
Mariner-97_CCri_tp	Mariner-97_CCri_tp
Mariner-98_CCri_tp	Mariner-98_CCri_tp
Mariner-100_CCri_tp	Mariner-100_CCri_tp
Mariner-101_CCri_tp	Mariner-101_CCri_tp
Mariner-101_CCri_tp	Mariner-5_CCri_tp
Mariner-102_CCri_tp	Mariner-102_CCri_tp
Mariner-104_CCri_tp	Mariner-104_CCri_tp
Mariner-105_CCri_tp	Mariner-105_CCri_tp
Mariner-105_CCri_tp	Mariner-11_CCri_tp
Mariner-105_CCri_tp	Mariner-65_CCri_tp
Mariner-105_CCri_tp	Mariner-18_CCri_tp
Mariner-112_CCri_tp	Mariner-112_CCri_tp
Mariner-112_CCri_tp	Mariner-122_CCri_tp
Mariner-113_CCri_tp	Mariner-113_CCri_tp
Mariner-115_CCri_tp	Mariner-115_CCri_tp
Mariner-120_CCri_tp	Mariner-120_CCri_tp
Mariner-120_CCri_tp	Mariner-80_CCri_tp
Mariner-121_CCri_tp	Mariner-121_CCri_tp
Mariner-123_CCri_tp	Mariner-123_CCri_tp
Mariner-134_CCri_tp	Mariner-134_CCri_tp
OCCAN_MG_tp	OCCAN_MG_tp
POT2_tp	POT2_tp
POT2_tp	Flipper_tp
POT_Cis_tp	POT_Cis_tp
Gizmo1_EI_tp	Gizmo1_EI_tp
Gizmo1_EI_tp	Gizmo2_EI_tp
Gizmo4_EI_tp	Gizmo4_EI_tp
Mariner-1_ADi_tp	Mariner-1_ADi_tp
Mariner-1_ADi_tp	Mariner-3_NV_tp
Mariner-1_ADi_tp	Mariner-7_NV_tp
Mariner-2_ADi_p2	Mariner-2_ADi_p2
Mariner-2_ADi_tp	Mariner-2_ADi_tp
Mariner-2_SM_tp	Mariner-2_SM_tp
Mariner-2_SM_tp	Mariner-7_SM_tp
Mariner-2_SP_tp	Mariner-2_SP_tp
Mariner-3_ADi_tp	Mariner-3_ADi_tp
Mariner-3_PR_tp	Mariner-3_PR_tp
Mariner-4_ADi_p2	Mariner-4_ADi_p2
Mariner-4_ADi_tp	Mariner-4_ADi_tp
Mariner-5_ADi_p2	Mariner-5_ADi_p2
Mariner-5_ADi_tp	Mariner-5_ADi_tp
Mariner-5_PI_tp	Mariner-5_PI_tp
Mariner-5_PR_tp	Mariner-5_PR_tp
Mariner-5_PR_tp	Mariner-15_PI_tp
Mariner-5_ROr_tp	Mariner-5_ROr_tp
Mariner-5_SK_tp	Mariner-5_SK_tp
Mariner-6_ADi_p2	Mariner-6_ADi_p2
Mariner-6_ADi_tp	Mariner-6_ADi_tp
