tip_label	sequence_id	group	repeat_class	length	source	original_header
Chapaev__Chapaev-1_CE	Chapaev-1_CE	Chapaev	DNA/CMC-Chapaev	798	RepeatPeps	Chapaev-1_CE#DNA/CMC-Chapaev  Dfam:DF0001399 frameshifts:1 cds_range:1076-3814 exons:1076-1366;1711-3814 via genewise with Chapaev-2_CE [Caenorhabditis elegans]
Chapaev__Chapaev-2_CE	Chapaev-2_CE	Chapaev	DNA/CMC-Chapaev	824	RepeatPeps	Chapaev-2_CE#DNA/CMC-Chapaev  Dfam:DF0001514 cds_range:1555-4027 [Caenorhabditis elegans]
EnSpm__EnSpm1_DR_tp	EnSpm1_DR_tp	EnSpm	DNA/CMC-EnSpm	1180	RepeatPeps	EnSpm1_DR_tp#DNA/CMC-EnSpm  Dfam:DF0003681 stops:1 cds_range:1987-5680 exons:1987-4645;4702-5261;5360-5680 via genewise with EnSpm-7_DR_tp [Danio rerio]
EnSpm__EnSpm-2_DR_p1	EnSpm-2_DR_p1	EnSpm	DNA/CMC-EnSpm	815	RepeatPeps	EnSpm-2_DR_p1#DNA/CMC-EnSpm  Dfam:DF0003911 cds_range:5073-7518 (may have more exons) [Danio rerio]
EnSpm__EnSpm-3_DR_tp	EnSpm-3_DR_tp	EnSpm	DNA/CMC-EnSpm	1214	RepeatPeps	EnSpm-3_DR_tp#DNA/CMC-EnSpm  Dfam:DF0002739 frameshifts:1 cds_range:2114-5851 exons:2114-4753;4846-5851 via genewise with EnSpm-7_DR_1p [Danio rerio]
EnSpm__EnSpm-5_DR_p1	EnSpm-5_DR_p1	EnSpm	DNA/CMC-EnSpm	810	RepeatPeps	EnSpm-5_DR_p1#DNA/CMC-EnSpm  Dfam:DF0003773 cds_range:4628-7058 (may have more exons) [Danio rerio]
EnSpm__EnSpm-7_DR_tp	EnSpm-7_DR_tp	EnSpm	DNA/CMC-EnSpm	1250	RepeatPeps	EnSpm-7_DR_tp#DNA/CMC-EnSpm  Dfam:DF0003172 frameshifts:1 cds_range:3156-7061 exons:3156-5864;6017-7061 via genewise with EnSpm-9_DR_1p [Danio rerio]
EnSpm__EnSpm-9_DR_tp	EnSpm-9_DR_tp	EnSpm	DNA/CMC-EnSpm	1250	RepeatPeps	EnSpm-9_DR_tp#DNA/CMC-EnSpm  Dfam:DF0002817 cds_range:1939-5924 exons:1939-4583;4818-5924 via genewise with EnSpm-7_DR_tp [Danio rerio]
EnSpm__EnSpm-12_DR_tp	EnSpm-12_DR_tp	EnSpm	DNA/CMC-EnSpm	1228	RepeatPeps	EnSpm-12_DR_tp#DNA/CMC-EnSpm  Dfam:DF0002847 cds_range:1251-4992 exons:1251-3923;3980-4992 via genewise with EnSpm1_DR_tp [Danio rerio]
EnSpm__EnSpm-13_DR_tp	EnSpm-13_DR_tp	EnSpm	DNA/CMC-EnSpm	1249	RepeatPeps	EnSpm-13_DR_tp#DNA/CMC-EnSpm  Dfam:DF0002632 cds_range:398-4454 exons:398-872;1031-3224;3374-4454 via genewise with EnSpm-7_DR_tp [Danio rerio]
EnSpm__EnSpm-14_DR_tp	EnSpm-14_DR_tp	EnSpm	DNA/CMC-EnSpm	1227	RepeatPeps	EnSpm-14_DR_tp#DNA/CMC-EnSpm  Dfam:DF0003053 frameshifts:2 stops:1 cds_range:588-4428 exons:588-3249;3408-4428 via genewise with EnSpm-13_DR_tp, 1 intron [Danio rerio]
Transib__Transib1	Transib1	Transib	DNA/CMC-Transib	699	RepeatPeps	Transib1#DNA/CMC-Transib  Dfam:DF0001719 cds_range:527-2624 [Drosophila fruit fly genus]
Transib__Transib2	Transib2	Transib	DNA/CMC-Transib	693	RepeatPeps	Transib2#DNA/CMC-Transib  Dfam:DF0001720 cds_range:533-2612 [Drosophila fruit fly genus]
Transib__Transib3	Transib3	Transib	DNA/CMC-Transib	689	RepeatPeps	Transib3#DNA/CMC-Transib  Dfam:DF0001721 frameshifts:3 cds_range:542-2610 via tfasty with Transib2 [Drosophila fruit fly genus]
Transib__Transib4	Transib4	Transib	DNA/CMC-Transib	565	RepeatPeps	Transib4#DNA/CMC-Transib  Dfam:DF0001722 frameshifts:4 stops:1 cds_range:526-2219 via tfasty with Transib1 (130 AA internal deletion) [Drosophila fruit fly genus]
Transib__Transib5	Transib5	Transib	DNA/CMC-Transib	595	RepeatPeps	Transib5#DNA/CMC-Transib  Dfam:DF0001723 cds_range:779-2564 [Drosophila melanogaster]
EnSpm__UN-ATEnSpm9	UN-ATEnSpm9	EnSpm	DNA/CMC-EnSpm	1544	RepeatPeps	UN-ATEnSpm9#DNA/CMC-EnSpm   [Arabidopsis]
EnSpm__UN-Candystripe1_SB_p2	UN-Candystripe1_SB_p2	EnSpm	DNA/CMC-EnSpm	699	RepeatPeps	UN-Candystripe1_SB_p2#DNA/CMC-EnSpm   via tfasty with EnSpm-30_SBi_p2, 1 frameshift. [Sorghum bicolor] Appears to have a 200 AA t deletion around AA 420.
EnSpm__UN-EnSpm3_OS_p2	UN-EnSpm3_OS_p2	EnSpm	DNA/CMC-EnSpm	599	RepeatPeps	UN-EnSpm3_OS_p2#DNA/CMC-EnSpm   putative transposon protein (perhaps spliced to p1) [Oryza sativa]
EnSpm__UN-EnSpm5_SB_p2	UN-EnSpm5_SB_p2	EnSpm	DNA/CMC-EnSpm	425	RepeatPeps	UN-EnSpm5_SB_p2#DNA/CMC-EnSpm   via genewise with mRNA, 4 introns (6375:6463, 6620:6759, 6946:7034, 7209:7284) This is actually the translation of gi 242096375, as the consensus contains frameshifts etc. [Sorghum bicolor]
Mirage__UN-Mirage1	UN-Mirage1	Mirage	DNA/CMC-Mirage	805	RepeatPeps	UN-Mirage1#DNA/CMC-Mirage   Predicted CDS, polypeptide chain release factor family member [Caenorhabditis elegans]
Mirage__UN-GIN1_int	UN-GIN1_int	Mirage	DNA/CMC-Mirage	392	RepeatPeps	UN-GIN1_int#DNA/CMC-Mirage   EXAPTED GENE!  unnamed protein product [Homo sapiens]
Mirage__UN-GIN2_int	UN-GIN2_int	Mirage	DNA/CMC-Mirage	422	RepeatPeps	UN-GIN2_int#DNA/CMC-Mirage   EXAPTED GENE!  PREDICTED: similar to MGC80999 protein [Gallus gallus]
Chapaev__Chapaev-1_AA	Chapaev-1_AA	Chapaev	DNA/CMC-Chapaev	679	RepeatPeps	Chapaev-1_AA#DNA/CMC-Chapaev RBRM:Chapaev-1_AA cds_range:623-2726 exons:623-2335;2401-2726 via genewise with Chapaev-2_HM [Aedes aegypti]
Chapaev__Chapaev-1_ACa	Chapaev-1_ACa	Chapaev	DNA/CMC-Chapaev	938	RepeatPeps	Chapaev-1_ACa#DNA/CMC-Chapaev RBRM:Chapaev-1_ACa cds_range:726-3540 [Aplysia californica]
Chapaev__Chapaev-1_BF	Chapaev-1_BF	Chapaev	DNA/CMC-Chapaev	1081	RepeatPeps	Chapaev-1_BF#DNA/CMC-Chapaev RBRM:Chapaev-1_BF cds_range:1040-5568 exons:1040-2233;2473-2757;2869-3097;3297-3537;3645-3737;3856-4068;4182-4554;4691-4832;4963-5168;5292-5568 GENSCAN_predicted_peptide_1|1081_aa [Branchiostoma floridae]
Chapaev__Chapaev-1_HM	Chapaev-1_HM	Chapaev	DNA/CMC-Chapaev	654	RepeatPeps	Chapaev-1_HM#DNA/CMC-Chapaev RBRM:Chapaev-1_HM cds_range:376-2433 exons:376-961;1056-2433 (One Genscan-predicted intron) [Hydra vulgaris]
Chapaev__Chapaev-2_ACa	Chapaev-2_ACa	Chapaev	DNA/CMC-Chapaev	946	RepeatPeps	Chapaev-2_ACa#DNA/CMC-Chapaev RBRM:Chapaev-2_ACa cds_range:604-3442 [Aplysia californica]
Chapaev__Chapaev-2_BF	Chapaev-2_BF	Chapaev	DNA/CMC-Chapaev	1107	RepeatPeps	Chapaev-2_BF#DNA/CMC-Chapaev RBRM:Chapaev-2_BF cds_range:810-5203 exons:810-2000;2211-2495;2601-2820;2934-3171;3282-3371;3466-3675;3768-4140;4246-4450;4534-4739;4891-5203 GENSCAN_predicted_peptide_1|1036_aa [Branchiostoma floridae]
Chapaev__Chapaev-2_HM	Chapaev-2_HM	Chapaev	DNA/CMC-Chapaev	679	RepeatPeps	Chapaev-2_HM#DNA/CMC-Chapaev RBRM:Chapaev-2_HM cds_range:772-2916 exons:772-1414;1521-2916 (One Genscan-predicted intron) [Hydra vulgaris]
Chapaev__Chapaev-3_ACa	Chapaev-3_ACa	Chapaev	DNA/CMC-Chapaev	999	RepeatPeps	Chapaev-3_ACa#DNA/CMC-Chapaev RBRM:Chapaev-3_ACa cds_range:544-3541 [Aplysia californica]
Chapaev__Chapaev-3_HM	Chapaev-3_HM	Chapaev	DNA/CMC-Chapaev	864	RepeatPeps	Chapaev-3_HM#DNA/CMC-Chapaev RBRM:Chapaev-3_HM cds_range:450-4857 exons:450-1391;1940-2170;2553-2793;2902-2979;3066-3272;3379-3709;3800-3956;4131-4327;4641-4857 ( predicted by genewise using Chapaev-3B_HM) [Hydra vulgaris]
Chapaev__Chapaev-3A_HM	Chapaev-3A_HM	Chapaev	DNA/CMC-Chapaev	898	RepeatPeps	Chapaev-3A_HM#DNA/CMC-Chapaev RBRM:Chapaev-3A_HM cds_range:450-5517 exons:450-1361;1910-2113;2302-2542;2652-2729;2835-3041;4073-4419;4539-4717;4809-5042;5217-5517 (; predicted by genewise using Chapaev-2_BF; added large first exon, first intron predicted by Genscan) [Hydra vulgaris]
Chapaev__Chapaev-3B_HM	Chapaev-3B_HM	Chapaev	DNA/CMC-Chapaev	874	RepeatPeps	Chapaev-3B_HM#DNA/CMC-Chapaev RBRM:Chapaev-3B_HM stops:1 cds_range:455-4410 exons:455-1381;1843-2070;2163-2403;2489-2566;2685-2891;3061-3434;3511-3651;3871-4069;4175-4410 ( predicted by genewise using Chapaev-3A_HM) [Hydra vulgaris]
Chapaev__Chapaev-4_HM	Chapaev-4_HM	Chapaev	DNA/CMC-Chapaev	871	RepeatPeps	Chapaev-4_HM#DNA/CMC-Chapaev RBRM:Chapaev-4_HM cds_range:461-4666 exons:461-1356;1980-2193;2306-2546;2637-2714;2866-3072;3161-3491;3654-3856;4009-4190;4397-4666 ( predicted by genewise using Chapaev-3B_HM) [Hydra vulgaris]
Chapaev__Chapaev-5_HM	Chapaev-5_HM	Chapaev	DNA/CMC-Chapaev	687	RepeatPeps	Chapaev-5_HM#DNA/CMC-Chapaev RBRM:Chapaev-5_HM cds_range:546-2607 [Hydra vulgaris]
Chapaev__Chapaev-5_HMa	Chapaev-5_HMa	Chapaev	DNA/CMC-Chapaev	660	RepeatPeps	Chapaev-5_HMa#DNA/CMC-Chapaev RBRM:Chapaev-5_HMa cds_range:360-2418 exons:360-945;1023-2418 via genewise with Chapaev-16_HM [Hydra vulgaris]
Chapaev__Chapaev-6_HM	Chapaev-6_HM	Chapaev	DNA/CMC-Chapaev	907	RepeatPeps	Chapaev-6_HM#DNA/CMC-Chapaev RBRM:Chapaev-6_HM cds_range:465-4883 exons:465-1426;1919-2132;2258-2498;2687-2764;2871-3071;3233-3563;3724-3883;4122-4315;4535-4883 ( predicted by genewise using Chapaev-3B_HM) [Hydra vulgaris]
Chapaev__Chapaev-7_HM	Chapaev-7_HM	Chapaev	DNA/CMC-Chapaev	890	RepeatPeps	Chapaev-7_HM#DNA/CMC-Chapaev RBRM:Chapaev-7_HM cds_range:461-4429 exons:461-1381;1859-2116;2235-2475;2555-2632;2773-2982;3064-3394;3522-3678;3804-3992;4136-4429 ( predicted by genewise using Chapaev-3B_HM) [Hydra vulgaris]
Chapaev__Chapaev-8_HM	Chapaev-8_HM	Chapaev	DNA/CMC-Chapaev	899	RepeatPeps	Chapaev-8_HM#DNA/CMC-Chapaev RBRM:Chapaev-8_HM frameshifts:1 cds_range:674-5660 exons:674-1724;2177-2358;2526-2769;2949-3026;3468-3671;3758-4101;4498-4657;5076-5269;5411-5660 ( predicted by genewise using Chapaev-3B_HM) [Hydra vulgaris]
Chapaev__Chapaev-9_HM	Chapaev-9_HM	Chapaev	DNA/CMC-Chapaev	487	RepeatPeps	Chapaev-9_HM#DNA/CMC-Chapaev RBRM:Chapaev-9_HM cds_range:1065-2526 [Hydra vulgaris]
Chapaev__Chapaev-10_HM	Chapaev-10_HM	Chapaev	DNA/CMC-Chapaev	543	RepeatPeps	Chapaev-10_HM#DNA/CMC-Chapaev RBRM:Chapaev-10_HM cds_range:867-2496 (fragment) [Hydra vulgaris]
Chapaev__Chapaev-11_HM	Chapaev-11_HM	Chapaev	DNA/CMC-Chapaev	565	RepeatPeps	Chapaev-11_HM#DNA/CMC-Chapaev RBRM:Chapaev-11_HM cds_range:857-2626 exons:857-1060;1134-2626 Via genewise with Chapaev-10_HM (1 intron, N-terminus missing) [Hydra vulgaris]
Chapaev__Chapaev-12_HM	Chapaev-12_HM	Chapaev	DNA/CMC-Chapaev	615	RepeatPeps	Chapaev-12_HM#DNA/CMC-Chapaev RBRM:Chapaev-12_HM cds_range:2061-4219 exons:2061-3286;3599-4219 Via genewise with Chapaev-3_ACa [Hydra vulgaris]
Chapaev__Chapaev-13_HM	Chapaev-13_HM	Chapaev	DNA/CMC-Chapaev	695	RepeatPeps	Chapaev-13_HM#DNA/CMC-Chapaev RBRM:Chapaev-13_HM cds_range:317-2462 exons:317-1010;1070-2462 Via genewise with Chapaev-2_HM (1 59 bp intron) [Hydra vulgaris]
Chapaev__Chapaev-14_HM	Chapaev-14_HM	Chapaev	DNA/CMC-Chapaev	659	RepeatPeps	Chapaev-14_HM#DNA/CMC-Chapaev RBRM:Chapaev-14_HM frameshifts:1 cds_range:1329-3505 exons:1329-1911;2111-3505 via genewise with Chapaev-2_HM [Hydra vulgaris]
Chapaev__Chapaev-15_HM	Chapaev-15_HM	Chapaev	DNA/CMC-Chapaev	654	RepeatPeps	Chapaev-15_HM#DNA/CMC-Chapaev RBRM:Chapaev-15_HM frameshifts:2 stops:1 cds_range:501-2540 exons:501-1083;1158-2540 via genewise with Chapaev-2_HM [Hydra vulgaris]
Chapaev__Chapaev-16_HM	Chapaev-16_HM	Chapaev	DNA/CMC-Chapaev	656	RepeatPeps	Chapaev-16_HM#DNA/CMC-Chapaev RBRM:Chapaev-16_HM cds_range:513-2584 exons:513-1095;1198-2584 via genewise with Chapaev-1_HM [Hydra vulgaris]
Chapaev__Chapaev-17_HM	Chapaev-17_HM	Chapaev	DNA/CMC-Chapaev	715	RepeatPeps	Chapaev-17_HM#DNA/CMC-Chapaev RBRM:Chapaev-17_HM frameshifts:1 stops:6 cds_range:749-2893 via tfasty with Chapaev-1_HM (potenitally a damaged intron missed). [Hydra vulgaris]
Chapaev__Chapaev-18_HM	Chapaev-18_HM	Chapaev	DNA/CMC-Chapaev	667	RepeatPeps	Chapaev-18_HM#DNA/CMC-Chapaev RBRM:Chapaev-18_HM cds_range:449-2659 exons:449-1055;1264-2659 via genewise with Chapaev-13_HM [Hydra vulgaris]
Chapaev__Chapaev-19_HM	Chapaev-19_HM	Chapaev	DNA/CMC-Chapaev	647	RepeatPeps	Chapaev-19_HM#DNA/CMC-Chapaev RBRM:Chapaev-19_HM frameshifts:1 cds_range:368-2383 exons:368-950;1023-2383 via genewise with Chapaev-16_HM#DNA/Chapaev [Hydra vulgaris]
Chapaev__Chapaev-21_HM	Chapaev-21_HM	Chapaev	DNA/CMC-Chapaev	651	RepeatPeps	Chapaev-21_HM#DNA/CMC-Chapaev RBRM:Chapaev-21_HM frameshifts:2 cds_range:429-2446 exons:429-1013;1080-2446 via genewise with Chapaev-1_HM#DNA/Chapaev [Hydra vulgaris]
Chapaev3__Chapaev3-1_AA	Chapaev3-1_AA	Chapaev3	DNA/CMC-Chapaev-3	590	RepeatPeps	Chapaev3-1_AA#DNA/CMC-Chapaev-3 RBRM:Chapaev3-1_AA cds_range:1524-3294 [Aedes aegypti]
Chapaev3__Chapaev3-1_AC	Chapaev3-1_AC	Chapaev3	DNA/CMC-Chapaev-3	479	RepeatPeps	Chapaev3-1_AC#DNA/CMC-Chapaev-3 RBRM:Chapaev3-1_AC frameshifts:1 stops:1 cds_range:233-1671 via tfasty with Chapaev3-1_AA (may contain a 100 bp intron, but stopcodon (small x) is within conserved translated region and no proper donor site can be found) [Anolis carolinensis]
Chapaev3__Chapaev3-1_DA	Chapaev3-1_DA	Chapaev3	DNA/CMC-Chapaev-3	554	RepeatPeps	Chapaev3-1_DA#DNA/CMC-Chapaev-3 RBRM:Chapaev3-1_DA cds_range:909-2640 exons:909-2322;2391-2640 (One Genscan-predicted intron) [Drosophila ananassae]
Chapaev3__Chapaev3-1_DW	Chapaev3-1_DW	Chapaev3	DNA/CMC-Chapaev-3	537	RepeatPeps	Chapaev3-1_DW#DNA/CMC-Chapaev-3 RBRM:Chapaev3-1_DW frameshifts:4 stops:1 cds_range:978-2587 via tfasty with Chapaev3-1_AA [Drosophila willistoni]
Chapaev3__Chapaev3-1_ET	Chapaev3-1_ET	Chapaev3	DNA/CMC-Chapaev-3	453	RepeatPeps	Chapaev3-1_ET#DNA/CMC-Chapaev-3 RBRM:Chapaev3-1_ET cds_range:218-1577 [Echinops telfairi]
Chapaev3__Chapaev3-1_HM	Chapaev3-1_HM	Chapaev3	DNA/CMC-Chapaev-3	558	RepeatPeps	Chapaev3-1_HM#DNA/CMC-Chapaev-3 RBRM:Chapaev3-3_PM cds_range:208-1882 [Hydra magnipapillata]
Chapaev3__Chapaev3-1_HR	Chapaev3-1_HR	Chapaev3	DNA/CMC-Chapaev-3	559	RepeatPeps	Chapaev3-1_HR#DNA/CMC-Chapaev-3 RBRM:Chapaev3-1_HR frameshifts:1 cds_range:459-2135 via tfasty with Chapaev3-1_AA [Helobdella robusta]
Chapaev3__Chapaev3-1_NVi	Chapaev3-1_NVi	Chapaev3	DNA/CMC-Chapaev-3	583	RepeatPeps	Chapaev3-1_NVi#DNA/CMC-Chapaev-3 RBRM:Chapaev3-1_NVi stops:1 cds_range:1014-2763 via tfasty with Chapaev3-1_AA [Nasonia vitripennis]
Chapaev3__Chapaev3-1_OL	Chapaev3-1_OL	Chapaev3	DNA/CMC-Chapaev-3	459	RepeatPeps	Chapaev3-1_OL#DNA/CMC-Chapaev-3 RBRM:Chapaev3-1_OL frameshifts:2 cds_range:439-1818 via tfasty with Chapaev3-1_AA (probably has a 100 AA deletion at N terminus (300 bp missing in consensus) [Oryzias latipes]
Chapaev3__Chapaev3-1_PM	Chapaev3-1_PM	Chapaev3	DNA/CMC-Chapaev-3	562	RepeatPeps	Chapaev3-1_PM#DNA/CMC-Chapaev-3 RBRM:Chapaev3-1_PM cds_range:311-2185 exons:311-518;706-2185 (One Genscan-predicted intron) [Petromyzon marinus]
Chapaev3__Chapaev3-1_SM	Chapaev3-1_SM	Chapaev3	DNA/CMC-Chapaev-3	562	RepeatPeps	Chapaev3-1_SM#DNA/CMC-Chapaev-3 RBRM:Chapaev3-1_SM cds_range:384-2070 [Schmidtea mediterranea]
Chapaev3__Chapaev3-2_AA	Chapaev3-2_AA	Chapaev3	DNA/CMC-Chapaev-3	552	RepeatPeps	Chapaev3-2_AA#DNA/CMC-Chapaev-3 RBRM:Chapaev3-2_AA cds_range:1248-3042 exons:1248-1474;1552-2745;2808-3042 (Two introns; one Genscan-predicted) [Aedes aegypti]
Chapaev3__Chapaev3-2_AC	Chapaev3-2_AC	Chapaev3	DNA/CMC-Chapaev-3	561	RepeatPeps	Chapaev3-2_AC#DNA/CMC-Chapaev-3 RBRM:Chapaev3-2_AC cds_range:426-2109 [Anolis carolinensis]
Chapaev3__Chapaev3-2_HM	Chapaev3-2_HM	Chapaev3	DNA/CMC-Chapaev-3	559	RepeatPeps	Chapaev3-2_HM#DNA/CMC-Chapaev-3 RBRM:Chapaev3-4_PM cds_range:364-2041 [Hydra magnipapillata]
Chapaev3__Chapaev3-2_HR	Chapaev3-2_HR	Chapaev3	DNA/CMC-Chapaev-3	558	RepeatPeps	Chapaev3-2_HR#DNA/CMC-Chapaev-3 RBRM:Chapaev3-2_HR cds_range:398-2072 [Helobdella robusta]
Chapaev3__Chapaev3-2_NVi	Chapaev3-2_NVi	Chapaev3	DNA/CMC-Chapaev-3	431	RepeatPeps	Chapaev3-2_NVi#DNA/CMC-Chapaev-3 RBRM:Chapaev3-2_NVi stops:1 cds_range:522-1815 via tfasty with Chapaev3-1_NVi [Nasonia vitripennis]
Chapaev3__Chapaev3-2_PM	Chapaev3-2_PM	Chapaev3	DNA/CMC-Chapaev-3	562	RepeatPeps	Chapaev3-2_PM#DNA/CMC-Chapaev-3 RBRM:Chapaev3-2_PM frameshifts:1 cds_range:510-2197 via tfasty with Chapaev3-1_SM [Petromyzon marinus]
Chapaev3__Chapaev3-3_AA	Chapaev3-3_AA	Chapaev3	DNA/CMC-Chapaev-3	578	RepeatPeps	Chapaev3-3_AA#DNA/CMC-Chapaev-3 RBRM:Chapaev3-3_AA stops:1 cds_range:876-2610 One stopcodon, probably in an unspliced intron (poor donor site) [Aedes aegypti]
Chapaev3__Chapaev3-3_HM	Chapaev3-3_HM	Chapaev3	DNA/CMC-Chapaev-3	558	RepeatPeps	Chapaev3-3_HM#DNA/CMC-Chapaev-3 RBRM:Chapaev3-5_PM cds_range:251-1925 [Hydra magnipapillata]
Chapaev3__Chapaev3-3_HR	Chapaev3-3_HR	Chapaev3	DNA/CMC-Chapaev-3	566	RepeatPeps	Chapaev3-3_HR#DNA/CMC-Chapaev-3 RBRM:Chapaev3-3_HR cds_range:213-1911 [Helobdella robusta]
Chapaev3__Chapaev3-4_HM	Chapaev3-4_HM	Chapaev3	DNA/CMC-Chapaev-3	550	RepeatPeps	Chapaev3-4_HM#DNA/CMC-Chapaev-3 RBRM:Chapaev3-4_HM cds_range:453-2103 [Hydra vulgaris]
Chapaev3__Chapaev3-5_HM	Chapaev3-5_HM	Chapaev3	DNA/CMC-Chapaev-3	560	RepeatPeps	Chapaev3-5_HM#DNA/CMC-Chapaev-3 RBRM:Chapaev3-5_HM cds_range:472-2152 [Hydra vulgaris]
Chapaev3__Chapaev3-6_HM	Chapaev3-6_HM	Chapaev3	DNA/CMC-Chapaev-3	594	RepeatPeps	Chapaev3-6_HM#DNA/CMC-Chapaev-3 RBRM:Chapaev3-6_HM frameshifts:1 cds_range:155-1936 via tfasty with Chapaev3-5_HM [Hydra vulgaris]
Chapaev3__Chapaev-1_BM	Chapaev-1_BM	Chapaev3	DNA/CMC-Chapaev-3	242	RepeatPeps	Chapaev-1_BM#DNA/CMC-Chapaev-3 RBRM:Chapaev-1_BM stops:1 cds_range:283-1009 via tfasty with Chapaev3-2_HM, Fragment [Bombyx mori]
Chapaev3__Chapaev-1_HSal	Chapaev-1_HSal	Chapaev3	DNA/CMC-Chapaev-3	576	RepeatPeps	Chapaev-1_HSal#DNA/CMC-Chapaev-3 RBRM:Chapaev-1_HSal frameshifts:3 cds_range:539-2779 exons:539-729;1240-2779 via genewise with Chapaev3-5_HM [Harpegnathos saltator]
Chapaev3__Chapaev-4_HMa	Chapaev-4_HMa	Chapaev3	DNA/CMC-Chapaev-3	565	RepeatPeps	Chapaev-4_HMa#DNA/CMC-Chapaev-3 RBRM:Chapaev-4_HMa frameshifts:1 cds_range:1286-2982 via tfasty with Chapaev3-2_HM [Hydra vulgaris]
Chapaev3__Chapaev-20_HM	Chapaev-20_HM	Chapaev3	DNA/CMC-Chapaev-3	563	RepeatPeps	Chapaev-20_HM#DNA/CMC-Chapaev-3 RBRM:Chapaev-20_HM cds_range:361-2050 [Hydra vulgaris]
Chapaev3__EnSpm-1_DF	EnSpm-1_DF	Chapaev3	DNA/CMC-Chapaev-3	528	RepeatPeps	EnSpm-1_DF#DNA/CMC-Chapaev-3 RBRM:EnSpm-1_DF frameshifts:1 cds_range:833-2488 exons:833-1430;1502-2488 via genewise with Chapaev3-1_HM [Drosophila ficusphila]
Chapaev3__EnSpm-1_LMi	EnSpm-1_LMi	Chapaev3	DNA/CMC-Chapaev-3	553	RepeatPeps	EnSpm-1_LMi#DNA/CMC-Chapaev-3 RBRM:EnSpm-1_LMi cds_range:354-2013 [Locusta migratoria]
Chapaev3__EnSpm-1_RPr	EnSpm-1_RPr	Chapaev3	DNA/CMC-Chapaev-3	553	RepeatPeps	EnSpm-1_RPr#DNA/CMC-Chapaev-3 RBRM:EnSpm-1_RPr frameshifts:2 cds_range:295-2026 exons:295-502;576-2026 via genewise with Chapaev3-2_AA [Rhodnius prolixus]
Chapaev3__EnSpm-2_LMi	EnSpm-2_LMi	Chapaev3	DNA/CMC-Chapaev-3	557	RepeatPeps	EnSpm-2_LMi#DNA/CMC-Chapaev-3 RBRM:EnSpm-2_LMi cds_range:299-1970 [Locusta migratoria]
EnSpm__ATEnSpm1A_p2	ATEnSpm1A_p2	EnSpm	DNA/CMC-EnSpm	428	RepeatPeps	ATEnSpm1A_p2#DNA/CMC-EnSpm RBRM:ATENSPM1A cds_range:1583-3773 exons:1583-1854;2071-2198;2275-2566;2662-2884;3400-3773 Needs to be genewised; may be too poor [Arabidopsis]
EnSpm__ATEnSpm2	ATEnSpm2	EnSpm	DNA/CMC-EnSpm	1021	RepeatPeps	ATEnSpm2#DNA/CMC-EnSpm RBRM:ATENSPM2 frameshifts:2 stops:2 cds_range:559-3987 exons:559-2591;2651-2687;2805-3343;3441-3529;3620-3987 genewise with BREnSpm1 and ATEnSpm9. EnSpm-1_EPa_tp over 85% similar and broken. [Arabidopsis]
EnSpm__ATEnSpm3	ATEnSpm3	EnSpm	DNA/CMC-EnSpm	1647	RepeatPeps	ATEnSpm3#DNA/CMC-EnSpm RBRM:ATENSPM3 frameshifts:1 stops:5 cds_range:1364-7911 exons:1364-2232;2325-3001;3079-3705;3808-3833;3899-4093;4194-4304;4466-4978;5286-5653;5728-5927;6165-6273;6348-6638;6718-7016;7124-7557;7677-7911 Genewise with atenspm7 protein [Arabidopsis]
EnSpm__ATEnSpm6	ATEnSpm6	EnSpm	DNA/CMC-EnSpm	1556	RepeatPeps	ATEnSpm6#DNA/CMC-EnSpm RBRM:ATENSPM6 frameshifts:1 cds_range:527-7995 exons:527-689;752-2663;2737-3086;3150-3330;3406-3506;3586-3977;4197-4333;5506-5899;6677-6863;6948-7236;7340-7568;7649-7995 almost identical to ATEnSpm5, 90% identical to ATEnSpm9 genewise with the latter [Arabidopsis]
EnSpm__ATEnSpm7	ATEnSpm7	EnSpm	DNA/CMC-EnSpm	1675	RepeatPeps	ATEnSpm7#DNA/CMC-EnSpm RBRM:ATENSPM7 cds_range:1111-7901 exons:1111-1142;1226-2135;2228-2904;2997-3623;3711-3736;3802-3996;4075-4185;4349-4861;5148-5493;5575-5779;6023-6131;6206-6458;6539-6578;6665-6965;7060-7520;7667-7901 from RepBase [Arabidopsis]
EnSpm__ATENSPM10	ATENSPM10	EnSpm	DNA/CMC-EnSpm	1515	RepeatPeps	ATENSPM10#DNA/CMC-EnSpm RBRM:ATENSPM10 stops:1 cds_range:1227-7742 exons:1227-2102;2192-2837;2912-3543;3690-3904;3962-4106;4222-4758;5202-5567;5637-5874;6079-6187;6257-6512;7022-7300;7485-7742 via genewise with ATEnSpm11#DNA/CMC-EnSpm [Arabidopsis]
EnSpm__ATEnSpm11	ATEnSpm11	EnSpm	DNA/CMC-EnSpm	1499	RepeatPeps	ATEnSpm11#DNA/CMC-EnSpm RBRM:ATENSPM11 frameshifts:2 stops:2 cds_range:1283-7664 exons:1283-2163;2253-2913;2997-3642;3803-4002;4062-4183;4347-4886;5159-5505;5579-5818;6055-6152;6225-6484;6985-7236;7402-7664 Genewise with atenspm7 protein [Arabidopsis]
EnSpm__ATEnSpm12	ATEnSpm12	EnSpm	DNA/CMC-EnSpm	1718	RepeatPeps	ATEnSpm12#DNA/CMC-EnSpm RBRM:ATENSPM12 cds_range:1574-8506 exons:1574-3233;3331-4232;4334-4444;4622-5125;5527-5576;5609-5905;5991-6195;6452-6560;6767-7019;7098-7137;7214-7511;7587-8092;8275-8506 genewise with ATEnSpm7 protein [Arabidopsis thaliana]
EnSpm__BREnSpm1	BREnSpm1	EnSpm	DNA/CMC-EnSpm	703	RepeatPeps	BREnSpm1#DNA/CMC-EnSpm RBRM:BRENSPM1 cds_range:435-2544 (fragment) [Brassica rapa]
EnSpm__CACTA-1_Mlaricis	CACTA-1_Mlaricis	EnSpm	DNA/CMC-EnSpm	687	RepeatPeps	CACTA-1_Mlaricis#DNA/CMC-EnSpm RBRM:CACTA-1_Mlaricis cds_range:1523-3584 [Melampsora laricis]
EnSpm__CACTA-1_Roryzae	CACTA-1_Roryzae	EnSpm	DNA/CMC-EnSpm	818	RepeatPeps	CACTA-1_Roryzae#DNA/CMC-EnSpm RBRM:CACTA-1_Roryzae cds_range:2583-5037 [Rhizopus oryzae]
EnSpm__CACTA-2_Mlaricis	CACTA-2_Mlaricis	EnSpm	DNA/CMC-EnSpm	727	RepeatPeps	CACTA-2_Mlaricis#DNA/CMC-EnSpm RBRM:CACTA-2_Mlaricis cds_range:4852-7033 [Melampsora laricis]
EnSpm__CACTA_LP_p1	CACTA_LP_p1	EnSpm	DNA/CMC-EnSpm	1212	RepeatPeps	CACTA_LP_p1#DNA/CMC-EnSpm RBRM:CACTA_LP frameshifts:7 stops:3 cds_range:1088-4719 via tfasty with EnSpm2_OS_p1 [Lolium perenne]
EnSpm__CACTA_LP_p2	CACTA_LP_p2	EnSpm	DNA/CMC-EnSpm	648	RepeatPeps	CACTA_LP_p2#DNA/CMC-EnSpm RBRM:CACTA_LP frameshifts:2 stops:4 cds_range:6882-8828 via tfasty with EnSpm2_OS_p2 [Lolium perenne]
EnSpm__DOPPIA4_ZM	DOPPIA4_ZM	EnSpm	DNA/CMC-EnSpm	854	RepeatPeps	DOPPIA4_ZM#DNA/CMC-EnSpm RBRM:DOPPIA4_ZM cds_range:1514-4076 [Zea mays]
EnSpm__EN1_ZM	EN1_ZM	EnSpm	DNA/CMC-EnSpm	1025	RepeatPeps	EN1_ZM#DNA/CMC-EnSpm RBRM:EN1_ZM cds_range:1417-4611 exons:1417-4043;4162-4611 Via genewise with PSL,. [Zea mays]
EnSpm__ENS1_Cis	ENS1_Cis	EnSpm	DNA/CMC-EnSpm	813	RepeatPeps	ENS1_Cis#DNA/CMC-EnSpm RBRM:ENS1_Cis cds_range:469-2908 [Ciona savignyi]
EnSpm__EnSpm1_PT	EnSpm1_PT	EnSpm	DNA/CMC-EnSpm	1158	RepeatPeps	EnSpm1_PT#DNA/CMC-EnSpm RBRM:ENSPM1_PT cds_range:1105-4877 exons:1105-3389;3477-3795;3898-3998;4105-4877 [Populus trichocarpa]
EnSpm__EnSpm1_SB_p1	EnSpm1_SB_p1	EnSpm	DNA/CMC-EnSpm	1208	RepeatPeps	EnSpm1_SB_p1#DNA/CMC-EnSpm RBRM:EnSpm1_SB cds_range:1155-4779 [Sorghum bicolor]
EnSpm__EnSpm1_SB_p2	EnSpm1_SB_p2	EnSpm	DNA/CMC-EnSpm	1177	RepeatPeps	EnSpm1_SB_p2#DNA/CMC-EnSpm RBRM:EnSpm1_SB cds_range:10094-14133 exons:10094-10414;10507-12927;13007-13271;13361-13472;13564-13649;13692-13827;13937-14133 via genewise with mRNA [Sorghum bicolor]
EnSpm__EnSpm1_TD	EnSpm1_TD	EnSpm	DNA/CMC-EnSpm	1060	RepeatPeps	EnSpm1_TD#DNA/CMC-EnSpm RBRM:EnSpm1_TD frameshifts:4 stops:1 cds_range:7116-10466 exons:7116-9701;9792-9957;10039-10466 via genewise with EnSpm-10_ZM_p1 and PRL [Triticum durum]
EnSpm__EnSpm1B_PT	EnSpm1B_PT	EnSpm	DNA/CMC-EnSpm	299	RepeatPeps	EnSpm1B_PT#DNA/CMC-EnSpm RBRM:EnSpm1B_PT cds_range:1965-3106 exons:1965-2041;2131-2405;2484-2604;2679-3106 Fragment, via genewise with EnSpm2_PTr [Populus trichocarpa]
EnSpm__EnSpm2_HV	EnSpm2_HV	EnSpm	DNA/CMC-EnSpm	1123	RepeatPeps	EnSpm2_HV#DNA/CMC-EnSpm RBRM:EnSpm2_HV frameshifts:1 cds_range:557-3927 via tfasty with EnSpm-3_HV_p1 [Hordeum vulgare]
EnSpm__EnSpm2_MT	EnSpm2_MT	EnSpm	DNA/CMC-EnSpm	1064	RepeatPeps	EnSpm2_MT#DNA/CMC-EnSpm RBRM:ENSPM2_MT cds_range:2871-6063 [Medicago truncatula]
EnSpm__EnSpm2_OS_p1	EnSpm2_OS_p1	EnSpm	DNA/CMC-EnSpm	1081	RepeatPeps	EnSpm2_OS_p1#DNA/CMC-EnSpm RBRM:ENSPM2_OS cds_range:612-3855 [Oryza sativa]
EnSpm__EnSpm2_OS_p2	EnSpm2_OS_p2	EnSpm	DNA/CMC-EnSpm	591	RepeatPeps	EnSpm2_OS_p2#DNA/CMC-EnSpm RBRM:ENSPM2_OS frameshifts:1 cds_range:7261-9433 exons:7261-7989;8065-8396;8535-8985;9168-9433 via genewise with EnSpm3_OS_p2 [Oryza sativa]
EnSpm__EnSpm2_PTr	EnSpm2_PTr	EnSpm	DNA/CMC-EnSpm	1589	RepeatPeps	EnSpm2_PTr#DNA/CMC-EnSpm RBRM:EnSpm2_PTr cds_range:4932-11866 exons:4932-7222;7296-7611;7683-7783;7892-8571;9950-10170;10217-10410;10725-11055;11136-11247;11337-11866 via genewise with ATEnSpm6, and based on mRNAs [Populus trichocarpa]
EnSpm__EnSpm2_SB_p1	EnSpm2_SB_p1	EnSpm	DNA/CMC-EnSpm	1136	RepeatPeps	EnSpm2_SB_p1#DNA/CMC-EnSpm RBRM:EnSpm2_SB cds_range:1332-4740 [Sorghum bicolor]
EnSpm__EnSpm2_SB_p2	EnSpm2_SB_p2	EnSpm	DNA/CMC-EnSpm	822	RepeatPeps	EnSpm2_SB_p2#DNA/CMC-EnSpm RBRM:EnSpm2_SB cds_range:8025-10628 exons:8025-9451;9588-10628 via genewise with SPMLIKE [Sorghum bicolor]
EnSpm__EnSpm2_TM_p2	EnSpm2_TM_p2	EnSpm	DNA/CMC-EnSpm	733	RepeatPeps	EnSpm2_TM_p2#DNA/CMC-EnSpm RBRM:EnSpm2_TM stops:8 cds_range:8777-10976 via tfasty with EnSpm-4_HV_p2 [Triticum monococcum]
EnSpm__EnSpm2_ZM	EnSpm2_ZM	EnSpm	DNA/CMC-EnSpm	854	RepeatPeps	EnSpm2_ZM#DNA/CMC-EnSpm RBRM:ENSPM2_ZM cds_range:1316-3878 [Zea mays]
EnSpm__EnSpm3_OS_p1	EnSpm3_OS_p1	EnSpm	DNA/CMC-EnSpm	1073	RepeatPeps	EnSpm3_OS_p1#DNA/CMC-EnSpm RBRM:ENSPM3_OS cds_range:675-3894 (perhaps spliced to p2) EnSpom2_OS_p1 93% identical [Oryza sativa]
EnSpm__EnSpm3_SB_p2	EnSpm3_SB_p2	EnSpm	DNA/CMC-EnSpm	791	RepeatPeps	EnSpm3_SB_p2#DNA/CMC-EnSpm RBRM:EnSpm3_SB frameshifts:2 cds_range:1578-4232 exons:1578-3062;3234-3629;3741-4232 via genewise with SPMLIKE_p2 [Sorghum bicolor]
EnSpm__EnSpm3_ZM	EnSpm3_ZM	EnSpm	DNA/CMC-EnSpm	1058	RepeatPeps	EnSpm3_ZM#DNA/CMC-EnSpm RBRM:ENSPM3_ZM frameshifts:3 cds_range:1162-4333 via tfasty with EnSpm3_OS_p1 [Zea mays]
EnSpm__EnSpm4_OS_p1	EnSpm4_OS_p1	EnSpm	DNA/CMC-EnSpm	1095	RepeatPeps	EnSpm4_OS_p1#DNA/CMC-EnSpm RBRM:ENSPM4_OS cds_range:594-3879 [Oryza sativa]
EnSpm__EnSpm4_OS_p2	EnSpm4_OS_p2	EnSpm	DNA/CMC-EnSpm	721	RepeatPeps	EnSpm4_OS_p2#DNA/CMC-EnSpm RBRM:ENSPM4_OS stops:1 cds_range:7816-9979 [Oryza sativa]
EnSpm__EnSpm4_SB_p1	EnSpm4_SB_p1	EnSpm	DNA/CMC-EnSpm	1173	RepeatPeps	EnSpm4_SB_p1#DNA/CMC-EnSpm RBRM:EnSpm4_SB cds_range:1337-4856 [Sorghum bicolor]
EnSpm__EnSpm4_SB_p2	EnSpm4_SB_p2	EnSpm	DNA/CMC-EnSpm	750	RepeatPeps	EnSpm4_SB_p2#DNA/CMC-EnSpm RBRM:EnSpm4_SB cds_range:7711-9961 [Sorghum bicolor]
EnSpm__EnSpm4_ZM	EnSpm4_ZM	EnSpm	DNA/CMC-EnSpm	1123	RepeatPeps	EnSpm4_ZM#DNA/CMC-EnSpm RBRM:ENSPM4_ZM stops:1 cds_range:7166-10535 via tfasty with EnSpm7_OS_p1 [Zea mays]
EnSpm__EnSpm5_OS_p1	EnSpm5_OS_p1	EnSpm	DNA/CMC-EnSpm	1139	RepeatPeps	EnSpm5_OS_p1#DNA/CMC-EnSpm RBRM:ENSPM5_OS cds_range:548-3965 EnSpm6_OS close. [Oryza sativa]
EnSpm__EnSpm5_OS_p2	EnSpm5_OS_p2	EnSpm	DNA/CMC-EnSpm	758	RepeatPeps	EnSpm5_OS_p2#DNA/CMC-EnSpm RBRM:ENSPM5_OS cds_range:5606-7880 EnSpm6_OS close. [Oryza sativa]
EnSpm__EnSpm5_SB_p1	EnSpm5_SB_p1	EnSpm	DNA/CMC-EnSpm	1045	RepeatPeps	EnSpm5_SB_p1#DNA/CMC-EnSpm RBRM:EnSpm5_SB frameshifts:3 cds_range:2272-5526 exons:2272-4809;4867-5024;5086-5526 via genewise with EnSpm1_TD [Sorghum bicolor]
EnSpm__EnSpm6_SB_p1	EnSpm6_SB_p1	EnSpm	DNA/CMC-EnSpm	1160	RepeatPeps	EnSpm6_SB_p1#DNA/CMC-EnSpm RBRM:EnSpm6_SB cds_range:1101-4581 [Sorghum bicolor]
EnSpm__EnSpm6_SB_p2	EnSpm6_SB_p2	EnSpm	DNA/CMC-EnSpm	783	RepeatPeps	EnSpm6_SB_p2#DNA/CMC-EnSpm RBRM:EnSpm6_SB cds_range:6739-9088 [Sorghum bicolor]
EnSpm__EnSpm7_OS_p1	EnSpm7_OS_p1	EnSpm	DNA/CMC-EnSpm	1150	RepeatPeps	EnSpm7_OS_p1#DNA/CMC-EnSpm RBRM:ENSPM7_OS cds_range:1015-4465 [Oryza sativa]
EnSpm__EnSpm7_OS_p2	EnSpm7_OS_p2	EnSpm	DNA/CMC-EnSpm	711	RepeatPeps	EnSpm7_OS_p2#DNA/CMC-EnSpm RBRM:ENSPM7_OS frameshifts:1 cds_range:7525-9730 exons:7525-9104;9160-9730 via tfasty with EnSpm5_OS_p2 [Oryza sativa]
EnSpm__EnSpm7_SB_p1	EnSpm7_SB_p1	EnSpm	DNA/CMC-EnSpm	1121	RepeatPeps	EnSpm7_SB_p1#DNA/CMC-EnSpm RBRM:EnSpm7_SB cds_range:872-4235 [Sorghum bicolor]
EnSpm__EnSpm7_SB_p2	EnSpm7_SB_p2	EnSpm	DNA/CMC-EnSpm	845	RepeatPeps	EnSpm7_SB_p2#DNA/CMC-EnSpm RBRM:EnSpm7_SB cds_range:7041-9729 exons:7041-8548;8701-9729 via genewise with EnSpm2_SB_p2 [Sorghum bicolor]
EnSpm__EnSpm8_SB	EnSpm8_SB	EnSpm	DNA/CMC-EnSpm	1102	RepeatPeps	EnSpm8_SB#DNA/CMC-EnSpm RBRM:EnSpm8_SB cds_range:2315-5869 exons:2315-4575;4663-4951;5030-5124;5202-5869 via genewise with EnSpm2_OS_p1, Maybe connected to p2-like exons around 6574-6816 and 8977-9213 [Sorghum bicolor]
EnSpm__EnSpm11_SB_p2	EnSpm11_SB_p2	EnSpm	DNA/CMC-EnSpm	747	RepeatPeps	EnSpm11_SB_p2#DNA/CMC-EnSpm RBRM:EnSpm11_SB cds_range:7154-9395 [Sorghum bicolor]
EnSpm__EnSpm12_SB_p1	EnSpm12_SB_p1	EnSpm	DNA/CMC-EnSpm	1150	RepeatPeps	EnSpm12_SB_p1#DNA/CMC-EnSpm RBRM:EnSpm12_SB cds_range:3191-6720 exons:3191-5727;5806-6720 via genewise with EnSpm-10_ZM_p1 [Sorghum bicolor]
EnSpm__EnSpm12_SB_p2	EnSpm12_SB_p2	EnSpm	DNA/CMC-EnSpm	478	RepeatPeps	EnSpm12_SB_p2#DNA/CMC-EnSpm RBRM:EnSpm12_SB cds_range:6795-8655 exons:6795-7345;7422-7583;7767-7928;8019-8193;8267-8655 via genewise with EnSpm5_SB_p2 [Sorghum bicolor]
EnSpm__EnSpm-1_AA	EnSpm-1_AA	EnSpm	DNA/CMC-EnSpm	666	RepeatPeps	EnSpm-1_AA#DNA/CMC-EnSpm RBRM:EnSpm-1_AA cds_range:7951-9949 [Aedes aegypti]
EnSpm__EnSpm-1_ADi	EnSpm-1_ADi	EnSpm	DNA/CMC-EnSpm	1155	RepeatPeps	EnSpm-1_ADi#DNA/CMC-EnSpm RBRM:EnSpm-1_ADi cds_range:1155-5559 exons:1155-2042;2981-5559 via genewise with EnSpm-18_HMa [Acropora digitifera]
EnSpm__EnSpm-1_AIp_tp	EnSpm-1_AIp_tp	EnSpm	DNA/CMC-EnSpm	1145	RepeatPeps	EnSpm-1_AIp_tp#DNA/CMC-EnSpm RBRM:EnSpm-1_AIp frameshifts:1 cds_range:1455-4981 exons:1455-4059;4151-4981 via genewise with EnSpm_MT [Arachis ipaensis]
EnSpm__EnSpm-1_AP	EnSpm-1_AP	EnSpm	DNA/CMC-EnSpm	661	RepeatPeps	EnSpm-1_AP#DNA/CMC-EnSpm RBRM:EnSpm-1_AP stops:1 cds_range:10-1993 via tfasty with EnSpm-6_DR [Acyrthosiphon pisum]
EnSpm__EnSpm-1_BDi	EnSpm-1_BDi	EnSpm	DNA/CMC-EnSpm	880	RepeatPeps	EnSpm-1_BDi#DNA/CMC-EnSpm RBRM:EnSpm-1_BDi cds_range:33-2673 [Brachypodium distachyon]
EnSpm__EnSpm-1_BF	EnSpm-1_BF	EnSpm	DNA/CMC-EnSpm	737	RepeatPeps	EnSpm-1_BF#DNA/CMC-EnSpm RBRM:EnSpm-1_BF cds_range:3166-5377 (may have more exons) [Branchiostoma floridae]
EnSpm__EnSpm-1_CCri_3p	EnSpm-1_CCri_3p	EnSpm	DNA/CMC-EnSpm	473	RepeatPeps	EnSpm-1_CCri_3p#DNA/CMC-EnSpm RBRM:EnSpm-1_CCri rev:1 cds_range:11292-9873 [Chondrus crispus]
EnSpm__EnSpm-1_CCri_tp	EnSpm-1_CCri_tp	EnSpm	DNA/CMC-EnSpm	1310	RepeatPeps	EnSpm-1_CCri_tp#DNA/CMC-EnSpm RBRM:EnSpm-1_CCri cds_range:5830-9760 [Chondrus crispus]
EnSpm__EnSpm-1_CGi	EnSpm-1_CGi	EnSpm	DNA/CMC-EnSpm	824	RepeatPeps	EnSpm-1_CGi#DNA/CMC-EnSpm RBRM:EnSpm-1_CGi cds_range:12-2484 [Crassostrea gigas]
EnSpm__EnSpm-1_Cia_tp	EnSpm-1_Cia_tp	EnSpm	DNA/CMC-EnSpm	1452	RepeatPeps	EnSpm-1_Cia_tp#DNA/CMC-EnSpm RBRM:EnSpm-1_Cia cds_range:2123-8093 exons:2123-4356;4452-4761;4843-4949;5031-5575;5968-6190;6290-6529;6799-7018;7261-7366;7623-7923;8014-8093 Genscan prediction, probably merger of transposase and p2 (partly confirmed with genewise) [Cicer arietinum]
EnSpm__EnSpm-1_DDi	EnSpm-1_DDi	EnSpm	DNA/CMC-EnSpm	839	RepeatPeps	EnSpm-1_DDi#DNA/CMC-EnSpm RBRM:EnSpm-1_DDi cds_range:998-3515 [Dictyostelium discoideum]
EnSpm__EnSpm-1_FV_tp	EnSpm-1_FV_tp	EnSpm	DNA/CMC-EnSpm	1125	RepeatPeps	EnSpm-1_FV_tp#DNA/CMC-EnSpm RBRM:EnSpm-1_FV cds_range:924-4454 exons:924-3190;3266-3639;3718-4454 via genewise with EnSpm-1_Mad [Fragaria vesca]
EnSpm__EnSpm-1_GM	EnSpm-1_GM	EnSpm	DNA/CMC-EnSpm	1065	RepeatPeps	EnSpm-1_GM#DNA/CMC-EnSpm RBRM:EnSpm-1_GM cds_range:700-3895 [Glycine max]
EnSpm__EnSpm-1_GR	EnSpm-1_GR	EnSpm	DNA/CMC-EnSpm	794	RepeatPeps	EnSpm-1_GR#DNA/CMC-EnSpm RBRM:EnSpm-1_GR cds_range:2938-5320 [Gossypium raimondii]
EnSpm__EnSpm-1_HM	EnSpm-1_HM	EnSpm	DNA/CMC-EnSpm	347	RepeatPeps	EnSpm-1_HM#DNA/CMC-EnSpm RBRM:EnSpm-1_HM stops:1 cds_range:1634-2675 via tfasty with EnSpm-2_HM_p1 (fragment) [Hydra vulgaris]
EnSpm__EnSpm-1_HV_p1	EnSpm-1_HV_p1	EnSpm	DNA/CMC-EnSpm	794	RepeatPeps	EnSpm-1_HV_p1#DNA/CMC-EnSpm RBRM:EnSpm-1_HV cds_range:3034-5416 (may have more exons) [Hordeum vulgare]
EnSpm__EnSpm-1_LU	EnSpm-1_LU	EnSpm	DNA/CMC-EnSpm	858	RepeatPeps	EnSpm-1_LU#DNA/CMC-EnSpm RBRM:EnSpm-1_LU cds_range:1356-3930 [Linum usitatissimum]
EnSpm__EnSpm-1_Mad	EnSpm-1_Mad	EnSpm	DNA/CMC-EnSpm	1121	RepeatPeps	EnSpm-1_Mad#DNA/CMC-EnSpm RBRM:EnSpm-1_Mad cds_range:568-4151 exons:568-2795;2896-3293;3412-4151 via genewise with EnSpm2_PTr [Malus domestica]
EnSpm__EnSpm-1_MN	EnSpm-1_MN	EnSpm	DNA/CMC-EnSpm	843	RepeatPeps	EnSpm-1_MN#DNA/CMC-EnSpm RBRM:EnSpm-1_MN cds_range:1702-4231 [Morus notabilis]
EnSpm__EnSpm-1_NGr	EnSpm-1_NGr	EnSpm	DNA/CMC-EnSpm	1158	RepeatPeps	EnSpm-1_NGr#DNA/CMC-EnSpm RBRM:EnSpm-1_NGr cds_range:249-3723 [Naegleria gruberi]
EnSpm__EnSpm-1_NV	EnSpm-1_NV	EnSpm	DNA/CMC-EnSpm	794	RepeatPeps	EnSpm-1_NV#DNA/CMC-EnSpm RBRM:EnSpm-1_NV cds_range:4406-6788 [Nematostella vectensis]
EnSpm__EnSpm-1_NVi	EnSpm-1_NVi	EnSpm	DNA/CMC-EnSpm	618	RepeatPeps	EnSpm-1_NVi#DNA/CMC-EnSpm RBRM:EnSpm-1_NVi frameshifts:2 cds_range:1706-3558 via tfasty with EnSpm-1_AA [Nasonia vitripennis]
EnSpm__EnSpm-1_PGr	EnSpm-1_PGr	EnSpm	DNA/CMC-EnSpm	801	RepeatPeps	EnSpm-1_PGr#DNA/CMC-EnSpm RBRM:EnSpm-1_PGr cds_range:256-2659 [Puccinia graminis f. sp. tritici crl 75-36-700-3]
EnSpm__EnSpm-1_PSt_tp	EnSpm-1_PSt_tp	EnSpm	DNA/CMC-EnSpm	623	RepeatPeps	EnSpm-1_PSt_tp#DNA/CMC-EnSpm RBRM:EnSpm-1_PSt cds_range:106-1975 [Puccinia striiformis]
EnSpm__EnSpm-1_TA	EnSpm-1_TA	EnSpm	DNA/CMC-EnSpm	1189	RepeatPeps	EnSpm-1_TA#DNA/CMC-EnSpm RBRM:EnSpm-1_TA frameshifts:2 stops:4 cds_range:1032-4597 via tfasty with CACTA_LP_p1 [Triticum aestivum]
EnSpm__EnSpm-1_TM_p1	EnSpm-1_TM_p1	EnSpm	DNA/CMC-EnSpm	1139	RepeatPeps	EnSpm-1_TM_p1#DNA/CMC-EnSpm RBRM:EnSpm-1_TM frameshifts:1 stops:1 cds_range:2990-6406 via tfasty with EnSpm2_OS_p1 [Triticum monococcum]
EnSpm__EnSpm-1_TM_p2	EnSpm-1_TM_p2	EnSpm	DNA/CMC-EnSpm	577	RepeatPeps	EnSpm-1_TM_p2#DNA/CMC-EnSpm RBRM:EnSpm-1_TM frameshifts:2 stops:2 cds_range:9306-10992 via tfasty with CACTA_LP_p2 [Triticum monococcum]
EnSpm__EnSpm-2_BDi	EnSpm-2_BDi	EnSpm	DNA/CMC-EnSpm	1141	RepeatPeps	EnSpm-2_BDi#DNA/CMC-EnSpm RBRM:EnSpm-2_BDi cds_range:837-4260 [Brachypodium distachyon]
EnSpm__EnSpm-2_BF	EnSpm-2_BF	EnSpm	DNA/CMC-EnSpm	767	RepeatPeps	EnSpm-2_BF#DNA/CMC-EnSpm RBRM:EnSpm-2_BF cds_range:5809-8110 (may have more exons) [Branchiostoma floridae]
EnSpm__EnSpm-2_CGi	EnSpm-2_CGi	EnSpm	DNA/CMC-EnSpm	645	RepeatPeps	EnSpm-2_CGi#DNA/CMC-EnSpm RBRM:EnSpm-2_CGi cds_range:1515-3450 [Crassostrea gigas]
EnSpm__EnSpm-2_Cia_p2	EnSpm-2_Cia_p2	EnSpm	DNA/CMC-EnSpm	669	RepeatPeps	EnSpm-2_Cia_p2#DNA/CMC-EnSpm RBRM:EnSpm-2_Cia cds_range:6941-11643 exons:6941-7222;7317-7527;7606-7855;8864-9431;9508-9732;9821-9986;11182-11249;11352-11470;11517-11643 via genscan and genewise with EnSpm7_OS_p2 [Cicer arietinum]
EnSpm__EnSpm-2_Cia_tp	EnSpm-2_Cia_tp	EnSpm	DNA/CMC-EnSpm	1058	RepeatPeps	EnSpm-2_Cia_tp#DNA/CMC-EnSpm RBRM:EnSpm-2_Cia cds_range:3584-6758 [Cicer arietinum]
EnSpm__EnSpm-2_GM_tp	EnSpm-2_GM_tp	EnSpm	DNA/CMC-EnSpm	1064	RepeatPeps	EnSpm-2_GM_tp#DNA/CMC-EnSpm RBRM:EnSpm-2_GM cds_range:3601-6793 [Glycine max]
EnSpm__EnSpm-2_HM_p1	EnSpm-2_HM_p1	EnSpm	DNA/CMC-EnSpm	608	RepeatPeps	EnSpm-2_HM_p1#DNA/CMC-EnSpm RBRM:EnSpm-2_HM cds_range:1064-2888 (may have more exons) [Hydra vulgaris]
EnSpm__EnSpm-2_Mad	EnSpm-2_Mad	EnSpm	DNA/CMC-EnSpm	1124	RepeatPeps	EnSpm-2_Mad#DNA/CMC-EnSpm RBRM:EnSpm-2_Mad cds_range:1463-5115 exons:1463-3729;3819-4128;4217-4323;4424-5115 via genewise with EnSpm2_MT [Malus domestica]
EnSpm__EnSpm-2_NV	EnSpm-2_NV	EnSpm	DNA/CMC-EnSpm	790	RepeatPeps	EnSpm-2_NV#DNA/CMC-EnSpm RBRM:EnSpm-2_NV cds_range:4136-6506 [Nematostella vectensis]
EnSpm__EnSpm-2_NVi	EnSpm-2_NVi	EnSpm	DNA/CMC-EnSpm	710	RepeatPeps	EnSpm-2_NVi#DNA/CMC-EnSpm RBRM:EnSpm-2_NVi cds_range:136-2266 Probably a fragment. [Nasonia vitripennis]
EnSpm__EnSpm-2_PGr	EnSpm-2_PGr	EnSpm	DNA/CMC-EnSpm	735	RepeatPeps	EnSpm-2_PGr#DNA/CMC-EnSpm RBRM:EnSpm-2_PGr frameshifts:1 cds_range:6758-9409 exons:6758-7208;7653-9409 Fragment via genewise with EnSpm-4_PGr [Puccinia graminis f. sp. tritici crl 75-36-700-3]
EnSpm__EnSpm-2_SIn	EnSpm-2_SIn	EnSpm	DNA/CMC-EnSpm	825	RepeatPeps	EnSpm-2_SIn#DNA/CMC-EnSpm RBRM:EnSpm-2_SIn cds_range:3619-6094 [Solenopsis invicta]
EnSpm__EnSpm-3_ADi	EnSpm-3_ADi	EnSpm	DNA/CMC-EnSpm	1284	RepeatPeps	EnSpm-3_ADi#DNA/CMC-EnSpm RBRM:EnSpm-3_ADi frameshifts:2 stops:1 cds_range:1177-6452 exons:1177-2067;2403-2628;3073-4085;4383-4586;4932-6452 via genewise with EnSpm-1_ADi [Acropora digitifera]
EnSpm__EnSpm-3_BF	EnSpm-3_BF	EnSpm	DNA/CMC-EnSpm	1078	RepeatPeps	EnSpm-3_BF#DNA/CMC-EnSpm RBRM:EnSpm-3_BF cds_range:5707-8941 [Branchiostoma floridae]
EnSpm__EnSpm-3_Cia_p2	EnSpm-3_Cia_p2	EnSpm	DNA/CMC-EnSpm	681	RepeatPeps	EnSpm-3_Cia_p2#DNA/CMC-EnSpm RBRM:EnSpm-3_Cia cds_range:5438-8938 exons:5438-5572;5726-5804;5890-6100;6191-6284;6373-6490;6577-6904;7030-7237;7366-7435;7515-7940;8300-8411;8499-8581;8659-8755;8844-8938 genscan prediction [] [Cicer arietinum]
EnSpm__EnSpm-3_Cia_tp	EnSpm-3_Cia_tp	EnSpm	DNA/CMC-EnSpm	1075	RepeatPeps	EnSpm-3_Cia_tp#DNA/CMC-EnSpm RBRM:EnSpm-3_Cia frameshifts:1 cds_range:794-4020 via tfasty with EnSpm-13_VV_tp [Cicer arietinum]
EnSpm__EnSpm-3_GM_tp	EnSpm-3_GM_tp	EnSpm	DNA/CMC-EnSpm	1082	RepeatPeps	EnSpm-3_GM_tp#DNA/CMC-EnSpm RBRM:EnSpm-3_GM cds_range:5586-9054 exons:5586-7873;7919-8258;8356-8456;8534-9054 via genewise with EnSpm-2_Mad [Glycine max]
EnSpm__EnSpm-3_HM_p1	EnSpm-3_HM_p1	EnSpm	DNA/CMC-EnSpm	858	RepeatPeps	EnSpm-3_HM_p1#DNA/CMC-EnSpm RBRM:EnSpm-3_HM frameshifts:1 cds_range:252-2827 via tfasty with EnSpm-2_DR_p1 [Hydra vulgaris]
EnSpm__EnSpm-3_HV_p1	EnSpm-3_HV_p1	EnSpm	DNA/CMC-EnSpm	1105	RepeatPeps	EnSpm-3_HV_p1#DNA/CMC-EnSpm RBRM:EnSpm-3_HV cds_range:553-3868 [Triticeae]
EnSpm__EnSpm-3_HV_p2	EnSpm-3_HV_p2	EnSpm	DNA/CMC-EnSpm	796	RepeatPeps	EnSpm-3_HV_p2#DNA/CMC-EnSpm RBRM:EnSpm-3_HV cds_range:7673-10061 (may have more exons) [Triticeae]
EnSpm__EnSpm-3_Mad	EnSpm-3_Mad	EnSpm	DNA/CMC-EnSpm	767	RepeatPeps	EnSpm-3_Mad#DNA/CMC-EnSpm RBRM:EnSpm-3_Mad Probably a fragment. [Malus domestica]
EnSpm__EnSpm-3_MN	EnSpm-3_MN	EnSpm	DNA/CMC-EnSpm	822	RepeatPeps	EnSpm-3_MN#DNA/CMC-EnSpm RBRM:EnSpm-3_MN cds_range:800-3266 [Morus notabilis]
EnSpm__EnSpm-3_NVe	EnSpm-3_NVe	EnSpm	DNA/CMC-EnSpm	1260	RepeatPeps	EnSpm-3_NVe#DNA/CMC-EnSpm RBRM:EnSpm-3_NVe cds_range:1112-5590 exons:1112-2011;2165-2393;2512-3509;3748-3952;4138-5590 via genewise with EnSpm-1_ADi [Nematostella vectensis]
EnSpm__EnSpm-3_PGr	EnSpm-3_PGr	EnSpm	DNA/CMC-EnSpm	777	RepeatPeps	EnSpm-3_PGr#DNA/CMC-EnSpm RBRM:EnSpm-3_PGr cds_range:6783-9831 exons:6783-7035;7752-9831 via genewise with EnSpm-4_PGr, 1 intron [Puccinia graminis f. sp. tritici crl 75-36-700-3]
EnSpm__EnSpm-3_VV	EnSpm-3_VV	EnSpm	DNA/CMC-EnSpm	1078	RepeatPeps	EnSpm-3_VV#DNA/CMC-EnSpm RBRM:EnSpm-3_VV frameshifts:1 cds_range:4946-8344 exons:4946-7410;7500-7617;7689-8344 via genewise with EnSpm-5_FV [Vitis vinifera]
EnSpm__EnSpm-4_ADi	EnSpm-4_ADi	EnSpm	DNA/CMC-EnSpm	1057	RepeatPeps	EnSpm-4_ADi#DNA/CMC-EnSpm RBRM:EnSpm-4_ADi frameshifts:2 stops:1 cds_range:1133-5092 exons:1133-2027;2362-2587;2872-4037;4205-5092 via genewise with EnSpm-1_ADi [Acropora digitifera]
EnSpm__EnSpm-4_DR_p1	EnSpm-4_DR_p1	EnSpm	DNA/CMC-EnSpm	812	RepeatPeps	EnSpm-4_DR_p1#DNA/CMC-EnSpm RBRM:EnSpm-4_DR cds_range:5978-8414 (may have more exons) [Danio rerio]
EnSpm__EnSpm-4_GM_tp	EnSpm-4_GM_tp	EnSpm	DNA/CMC-EnSpm	1101	RepeatPeps	EnSpm-4_GM_tp#DNA/CMC-EnSpm RBRM:EnSpm-4_GM cds_range:4359-7904 exons:4359-6595;6680-6992;7077-7183;7255-7904 via genewise with EnSpm-2_Mad [Glycine max]
EnSpm__EnSpm-4_HM	EnSpm-4_HM	EnSpm	DNA/CMC-EnSpm	694	RepeatPeps	EnSpm-4_HM#DNA/CMC-EnSpm RBRM:EnSpm-4_HM cds_range:2861-4943 [Hydra vulgaris]
EnSpm__EnSpm-4_HV_p1	EnSpm-4_HV_p1	EnSpm	DNA/CMC-EnSpm	1158	RepeatPeps	EnSpm-4_HV_p1#DNA/CMC-EnSpm RBRM:EnSpm-4_HV cds_range:1253-4727 (EnSpm2_TM coding region very similar and broken up) [Triticeae]
EnSpm__EnSpm-4_HV_p2	EnSpm-4_HV_p2	EnSpm	DNA/CMC-EnSpm	785	RepeatPeps	EnSpm-4_HV_p2#DNA/CMC-EnSpm RBRM:EnSpm-4_HV cds_range:7706-10061 (may have more exons) [Triticeae]
EnSpm__EnSpm-4_NVe	EnSpm-4_NVe	EnSpm	DNA/CMC-EnSpm	1256	RepeatPeps	EnSpm-4_NVe#DNA/CMC-EnSpm RBRM:EnSpm-4_NVe cds_range:1016-4784 [Nematostella vectensis]
EnSpm__EnSpm-4_PGr	EnSpm-4_PGr	EnSpm	DNA/CMC-EnSpm	806	RepeatPeps	EnSpm-4_PGr#DNA/CMC-EnSpm RBRM:EnSpm-4_PGr cds_range:1862-4280 [Puccinia graminis]
EnSpm__EnSpm-4_VV_tp	EnSpm-4_VV_tp	EnSpm	DNA/CMC-EnSpm	1073	RepeatPeps	EnSpm-4_VV_tp#DNA/CMC-EnSpm RBRM:EnSpm-4_VV cds_range:1407-4792 exons:1407-3874;3961-4067;4146-4792 via genewise with EnSpm-5_FV [Vitis vinifera]
EnSpm__EnSpm-5_FV	EnSpm-5_FV	EnSpm	DNA/CMC-EnSpm	1092	RepeatPeps	EnSpm-5_FV#DNA/CMC-EnSpm RBRM:EnSpm-5_FV cds_range:229-3732 exons:229-2681;2796-2902;3014-3732 via genewise with EnSpm2_MT [Fragaria vesca]
EnSpm__EnSpm-5_HM	EnSpm-5_HM	EnSpm	DNA/CMC-EnSpm	660	RepeatPeps	EnSpm-5_HM#DNA/CMC-EnSpm RBRM:EnSpm-5_HM cds_range:286-2266 [Hydra vulgaris]
EnSpm__EnSpm-5_HV	EnSpm-5_HV	EnSpm	DNA/CMC-EnSpm	240	RepeatPeps	EnSpm-5_HV#DNA/CMC-EnSpm RBRM:EnSpm-5_HV cds_range:2530-3250 [Hordeum vulgare]
EnSpm__EnSpm-5_NVe	EnSpm-5_NVe	EnSpm	DNA/CMC-EnSpm	1287	RepeatPeps	EnSpm-5_NVe#DNA/CMC-EnSpm RBRM:EnSpm-5_NVe cds_range:1061-5226 exons:1061-1794;1926-2428;2600-5226 via genewise with EnSpm-18_HMa [Nematostella vectensis]
EnSpm__EnSpm-5_PGr_tp	EnSpm-5_PGr_tp	EnSpm	DNA/CMC-EnSpm	777	RepeatPeps	EnSpm-5_PGr_tp#DNA/CMC-EnSpm RBRM:EnSpm-5_PGr cds_range:1922-4253 [Puccinia graminis]
EnSpm__EnSpm-5_VV_tp	EnSpm-5_VV_tp	EnSpm	DNA/CMC-EnSpm	1074	RepeatPeps	EnSpm-5_VV_tp#DNA/CMC-EnSpm RBRM:EnSpm-5_VV cds_range:11885-15284 exons:11885-14358;14443-14549;14641-15284 via genewise with EnSpm-5_FV [Vitis vinifera]
EnSpm__EnSpm-5_ZM	EnSpm-5_ZM	EnSpm	DNA/CMC-EnSpm	850	RepeatPeps	EnSpm-5_ZM#DNA/CMC-EnSpm RBRM:ENSPM-5_ZM cds_range:1043-3593 [Zea mays]
EnSpm__EnSpm-6_DR	EnSpm-6_DR	EnSpm	DNA/CMC-EnSpm	663	RepeatPeps	EnSpm-6_DR#DNA/CMC-EnSpm RBRM:ENSPM-6_DR cds_range:15511-17500 [Danio rerio]
EnSpm__EnSpm-6_HM	EnSpm-6_HM	EnSpm	DNA/CMC-EnSpm	681	RepeatPeps	EnSpm-6_HM#DNA/CMC-EnSpm RBRM:EnSpm-6_HM cds_range:1317-3360 [Hydra vulgaris]
EnSpm__EnSpm-6_NVe	EnSpm-6_NVe	EnSpm	DNA/CMC-EnSpm	1022	RepeatPeps	EnSpm-6_NVe#DNA/CMC-EnSpm RBRM:EnSpm-6_NVe frameshifts:4 cds_range:526-3816 exons:526-1324;1806-3816 via genewise with EnSpm-1_ADi, Large gap near C-term. [Nematostella vectensis]
EnSpm__EnSpm-6_VV_p1	EnSpm-6_VV_p1	EnSpm	DNA/CMC-EnSpm	765	RepeatPeps	EnSpm-6_VV_p1#DNA/CMC-EnSpm RBRM:EnSpm-6_VV cds_range:5417-7712 (may have more exons) [Vitis vinifera]
EnSpm__EnSpm-6_ZM_p1	EnSpm-6_ZM_p1	EnSpm	DNA/CMC-EnSpm	1168	RepeatPeps	EnSpm-6_ZM_p1#DNA/CMC-EnSpm RBRM:ENSPM-6_ZM cds_range:1542-5046 (may have more exons) EnSpm11_SB_p1 over 90% similar. [Zea mays]
EnSpm__EnSpm-6_ZM_p2	EnSpm-6_ZM_p2	EnSpm	DNA/CMC-EnSpm	728	RepeatPeps	EnSpm-6_ZM_p2#DNA/CMC-EnSpm RBRM:ENSPM-6_ZM cds_range:7908-10092 (may have more exons) [Zea mays]
EnSpm__EnSpm-7_FV_tp	EnSpm-7_FV_tp	EnSpm	DNA/CMC-EnSpm	1201	RepeatPeps	EnSpm-7_FV_tp#DNA/CMC-EnSpm RBRM:EnSpm-7_FV cds_range:1483-5086 [Fragaria vesca]
EnSpm__EnSpm-7_HM	EnSpm-7_HM	EnSpm	DNA/CMC-EnSpm	677	RepeatPeps	EnSpm-7_HM#DNA/CMC-EnSpm RBRM:EnSpm-7_HM cds_range:799-2830 [Hydra vulgaris]
EnSpm__EnSpm-7_MLP_tp	EnSpm-7_MLP_tp	EnSpm	DNA/CMC-EnSpm	606	RepeatPeps	EnSpm-7_MLP_tp#DNA/CMC-EnSpm RBRM:EnSpm-7_MLP cds_range:603-2421 Appears to have a 90 AA or so internal deletion [Melampsora larici-populina]
EnSpm__EnSpm-7_ZM_p1	EnSpm-7_ZM_p1	EnSpm	DNA/CMC-EnSpm	465	RepeatPeps	EnSpm-7_ZM_p1#DNA/CMC-EnSpm RBRM:ENSPM-7_ZM cds_range:4242-5637 (may have more exons) [Zea mays]
EnSpm__EnSpm-8_HM	EnSpm-8_HM	EnSpm	DNA/CMC-EnSpm	617	RepeatPeps	EnSpm-8_HM#DNA/CMC-EnSpm RBRM:EnSpm-8_HM frameshifts:1 cds_range:7111-8963 via tfasty with EnSpm-5_HM [Hydra vulgaris]
EnSpm__EnSpm-8_ZM_p1	EnSpm-8_ZM_p1	EnSpm	DNA/CMC-EnSpm	839	RepeatPeps	EnSpm-8_ZM_p1#DNA/CMC-EnSpm RBRM:ENSPM-8_ZM cds_range:1249-3766 (may have more exons) [Zea mays]
EnSpm__EnSpm-8N_VV_p1	EnSpm-8N_VV_p1	EnSpm	DNA/CMC-EnSpm	735	RepeatPeps	EnSpm-8N_VV_p1#DNA/CMC-EnSpm RBRM:EnSpm-8N_VV (may have more exons) [Vitis vinifera]
EnSpm__EnSpm-9_HM	EnSpm-9_HM	EnSpm	DNA/CMC-EnSpm	662	RepeatPeps	EnSpm-9_HM#DNA/CMC-EnSpm RBRM:EnSpm-9_HM cds_range:215-2201 [Hydra vulgaris]
EnSpm__EnSpm-9_OS_p1	EnSpm-9_OS_p1	EnSpm	DNA/CMC-EnSpm	732	RepeatPeps	EnSpm-9_OS_p1#DNA/CMC-EnSpm RBRM:EnSpm-9_OS cds_range:1526-3722 (may have more exons) [Oryza sativa]
EnSpm__EnSpm-9_ZM_p1	EnSpm-9_ZM_p1	EnSpm	DNA/CMC-EnSpm	831	RepeatPeps	EnSpm-9_ZM_p1#DNA/CMC-EnSpm RBRM:ENSPM-9_ZM cds_range:4436-6929 (may have more exons) [Zea mays]
EnSpm__EnSpm-10_CCri_2p	EnSpm-10_CCri_2p	EnSpm	DNA/CMC-EnSpm	414	RepeatPeps	EnSpm-10_CCri_2p#DNA/CMC-EnSpm RBRM:EnSpm-10_CCri rev:1 cds_range:6762-5520 [Chondrus crispus]
EnSpm__EnSpm-10_CCri_3p	EnSpm-10_CCri_3p	EnSpm	DNA/CMC-EnSpm	1025	RepeatPeps	EnSpm-10_CCri_3p#DNA/CMC-EnSpm RBRM:EnSpm-10_CCri cds_range:7272-10347 [Chondrus crispus]
EnSpm__EnSpm-10_FV_tp	EnSpm-10_FV_tp	EnSpm	DNA/CMC-EnSpm	1068	RepeatPeps	EnSpm-10_FV_tp#DNA/CMC-EnSpm RBRM:EnSpm-10_FV cds_range:509-3825 exons:509-3096;3208-3825 via genewise with EnSpm-2_Mad [Fragaria vesca]
EnSpm__EnSpm-10_HM	EnSpm-10_HM	EnSpm	DNA/CMC-EnSpm	647	RepeatPeps	EnSpm-10_HM#DNA/CMC-EnSpm RBRM:EnSpm-10_HM cds_range:1172-3113 [Hydra vulgaris]
EnSpm__EnSpm-10_OS_p1	EnSpm-10_OS_p1	EnSpm	DNA/CMC-EnSpm	858	RepeatPeps	EnSpm-10_OS_p1#DNA/CMC-EnSpm RBRM:EnSpm-10_OS cds_range:5837-8411 (may have more exons) [Oryza sativa]
EnSpm__EnSpm-10_ZM_p1	EnSpm-10_ZM_p1	EnSpm	DNA/CMC-EnSpm	889	RepeatPeps	EnSpm-10_ZM_p1#DNA/CMC-EnSpm RBRM:EnSpm-10_ZM cds_range:1979-4646 (may have more exons) EnSpm-14_SBi very similar. [Zea mays]
EnSpm__EnSpm-11_HM	EnSpm-11_HM	EnSpm	DNA/CMC-EnSpm	839	RepeatPeps	EnSpm-11_HM#DNA/CMC-EnSpm RBRM:EnSpm-11_HM cds_range:575-3092 [Hydra vulgaris]
EnSpm__EnSpm-11_OS_p1	EnSpm-11_OS_p1	EnSpm	DNA/CMC-EnSpm	842	RepeatPeps	EnSpm-11_OS_p1#DNA/CMC-EnSpm RBRM:EnSpm-11_OS cds_range:1318-3844 (may have more exons) [Oryza sativa]
EnSpm__EnSpm-11_STu_gag	EnSpm-11_STu_gag	EnSpm	DNA/CMC-EnSpm	350	RepeatPeps	EnSpm-11_STu_gag#DNA/CMC-EnSpm RBRM:EnSpm-11_STu rev:1 cds_range:11638-10588 [Solanum tuberosum]
EnSpm__EnSpm-11_ZM_p1	EnSpm-11_ZM_p1	EnSpm	DNA/CMC-EnSpm	841	RepeatPeps	EnSpm-11_ZM_p1#DNA/CMC-EnSpm RBRM:EnSpm-11_ZM cds_range:1181-3704 (may have more exons) [Zea mays]
EnSpm__EnSpm-12_HM	EnSpm-12_HM	EnSpm	DNA/CMC-EnSpm	651	RepeatPeps	EnSpm-12_HM#DNA/CMC-EnSpm RBRM:EnSpm-12_HM cds_range:178-2131 [Hydra vulgaris]
EnSpm__EnSpm-12_OS_p1	EnSpm-12_OS_p1	EnSpm	DNA/CMC-EnSpm	851	RepeatPeps	EnSpm-12_OS_p1#DNA/CMC-EnSpm RBRM:EnSpm-12_OS cds_range:1578-4131 (may have more exons) [Oryza sativa]
EnSpm__EnSpm-12_ZM_p1	EnSpm-12_ZM_p1	EnSpm	DNA/CMC-EnSpm	844	RepeatPeps	EnSpm-12_ZM_p1#DNA/CMC-EnSpm RBRM:EnSpm-12_ZM cds_range:992-3524 (may have more exons) [Zea mays]
EnSpm__EnSpm-13_HM	EnSpm-13_HM	EnSpm	DNA/CMC-EnSpm	664	RepeatPeps	EnSpm-13_HM#DNA/CMC-EnSpm RBRM:EnSpm-13_HM frameshifts:1 stops:1 cds_range:1212-3205 via tfasty with EnSpm-6_HM [Hydra vulgaris]
EnSpm__EnSpm-13_OS_p1	EnSpm-13_OS_p1	EnSpm	DNA/CMC-EnSpm	870	RepeatPeps	EnSpm-13_OS_p1#DNA/CMC-EnSpm RBRM:EnSpm-13_OS cds_range:6391-9001 (may have more exons) [Oryza sativa]
EnSpm__EnSpm-13_VV_tp	EnSpm-13_VV_tp	EnSpm	DNA/CMC-EnSpm	1078	RepeatPeps	EnSpm-13_VV_tp#DNA/CMC-EnSpm RBRM:EnSpm-13_VV frameshifts:1 stops:1 cds_range:2756-6150 exons:2756-5220;5309-5426;5495-6150 via genewise with EnSpm-5_FV [Vitis vinifera]
EnSpm__EnSpm-13_ZM_p1	EnSpm-13_ZM_p1	EnSpm	DNA/CMC-EnSpm	927	RepeatPeps	EnSpm-13_ZM_p1#DNA/CMC-EnSpm RBRM:EnSpm-13_ZM cds_range:1740-4521 (may have more exons) [Zea mays]
EnSpm__EnSpm-14_HM	EnSpm-14_HM	EnSpm	DNA/CMC-EnSpm	672	RepeatPeps	EnSpm-14_HM#DNA/CMC-EnSpm RBRM:EnSpm-14_HM cds_range:286-2302 [Hydra vulgaris]
EnSpm__EnSpm-14_OS_p1	EnSpm-14_OS_p1	EnSpm	DNA/CMC-EnSpm	855	RepeatPeps	EnSpm-14_OS_p1#DNA/CMC-EnSpm RBRM:EnSpm-14_OS cds_range:6004-8569 (may have more exons) [Oryza sativa]
EnSpm__EnSpm-14_SBi_p2	EnSpm-14_SBi_p2	EnSpm	DNA/CMC-EnSpm	422	RepeatPeps	EnSpm-14_SBi_p2#DNA/CMC-EnSpm RBRM:EnSpm-14_SBi frameshifts:7 cds_range:4353-6018 exons:4353-4666;4750-4948;5092-5223;5307-5487;5579-6018 via genewise with EnSpm5_SB_p2 [Sorghum bicolor]
EnSpm__EnSpm-14_ZM	EnSpm-14_ZM	EnSpm	DNA/CMC-EnSpm	753	RepeatPeps	EnSpm-14_ZM#DNA/CMC-EnSpm RBRM:EnSpm-14_ZM cds_range:1303-3562 [Zea mays]
EnSpm__EnSpm-15_HM	EnSpm-15_HM	EnSpm	DNA/CMC-EnSpm	783	RepeatPeps	EnSpm-15_HM#DNA/CMC-EnSpm RBRM:EnSpm-15_HM frameshifts:2 cds_range:355-2704 via tfasty with EnSpm-4_DR_p1 [Hydra vulgaris]
EnSpm__EnSpm-15_OS_p1	EnSpm-15_OS_p1	EnSpm	DNA/CMC-EnSpm	731	RepeatPeps	EnSpm-15_OS_p1#DNA/CMC-EnSpm RBRM:EnSpm-15_OS cds_range:1254-3447 (may have more exons) [Oryza sativa]
EnSpm__EnSpm-16_HM	EnSpm-16_HM	EnSpm	DNA/CMC-EnSpm	787	RepeatPeps	EnSpm-16_HM#DNA/CMC-EnSpm RBRM:EnSpm-16_HM cds_range:1864-4225 [Hydra vulgaris]
EnSpm__EnSpm-16_OS_p1	EnSpm-16_OS_p1	EnSpm	DNA/CMC-EnSpm	856	RepeatPeps	EnSpm-16_OS_p1#DNA/CMC-EnSpm RBRM:EnSpm-16_OS cds_range:2116-4684 (may have more exons) [Oryza sativa]
EnSpm__EnSpm-17_CCri_2p	EnSpm-17_CCri_2p	EnSpm	DNA/CMC-EnSpm	1138	RepeatPeps	EnSpm-17_CCri_2p#DNA/CMC-EnSpm RBRM:EnSpm-17_CCri cds_range:10461-13875 [Chondrus crispus]
EnSpm__EnSpm-17_HM	EnSpm-17_HM	EnSpm	DNA/CMC-EnSpm	679	RepeatPeps	EnSpm-17_HM#DNA/CMC-EnSpm RBRM:EnSpm-17_HM frameshifts:1 cds_range:519-2557 via tfasty with EnSpm-6_DR [Hydra vulgaris]
EnSpm__EnSpm-18_CCri	EnSpm-18_CCri	EnSpm	DNA/CMC-EnSpm	1077	RepeatPeps	EnSpm-18_CCri#DNA/CMC-EnSpm RBRM:EnSpm-18_CCri cds_range:4315-7546 [Chondrus crispus]
EnSpm__EnSpm-18_HMa	EnSpm-18_HMa	EnSpm	DNA/CMC-EnSpm	1077	RepeatPeps	EnSpm-18_HMa#DNA/CMC-EnSpm RBRM:EnSpm-18_HMa cds_range:805-4160 exons:805-1439;1563-4160 Genscan predicition 1 intron. [Hydra vulgaris]
EnSpm__EnSpm-18_SBi_1p	EnSpm-18_SBi_1p	EnSpm	DNA/CMC-EnSpm	1168	RepeatPeps	EnSpm-18_SBi_1p#DNA/CMC-EnSpm RBRM:EnSpm-18_SBi cds_range:739-4243 [Sorghum bicolor]
EnSpm__EnSpm-18_SBi_2p	EnSpm-18_SBi_2p	EnSpm	DNA/CMC-EnSpm	606	RepeatPeps	EnSpm-18_SBi_2p#DNA/CMC-EnSpm RBRM:EnSpm-18_SBi cds_range:6615-8433 [Sorghum bicolor]
EnSpm__EnSpm-19_HMa	EnSpm-19_HMa	EnSpm	DNA/CMC-EnSpm	1052	RepeatPeps	EnSpm-19_HMa#DNA/CMC-EnSpm RBRM:EnSpm-19_HMa cds_range:1008-4984 exons:1008-1645;1756-1874;1989-2140;2460-2614;2888-4984 via genewise with EnSpm-18_HMa [Hydra vulgaris]
EnSpm__EnSpm-19_SBi_tp	EnSpm-19_SBi_tp	EnSpm	DNA/CMC-EnSpm	900	RepeatPeps	EnSpm-19_SBi_tp#DNA/CMC-EnSpm RBRM:EnSpm-19_SBi cds_range:2592-5292 [Sorghum bicolor]
EnSpm__EnSpm-20_CCri_2p	EnSpm-20_CCri_2p	EnSpm	DNA/CMC-EnSpm	1071	RepeatPeps	EnSpm-20_CCri_2p#DNA/CMC-EnSpm RBRM:EnSpm-20_CCri cds_range:7587-10800 [Chondrus crispus]
EnSpm__EnSpm-20_HMa	EnSpm-20_HMa	EnSpm	DNA/CMC-EnSpm	1048	RepeatPeps	EnSpm-20_HMa#DNA/CMC-EnSpm RBRM:EnSpm-20_HMa cds_range:740-5751 exons:740-1410;1479-1588;1699-1986;3673-5751 via genewise with EnSpm-18_HMa [Hydra vulgaris]
EnSpm__EnSpm-20_SBi_tp	EnSpm-20_SBi_tp	EnSpm	DNA/CMC-EnSpm	913	RepeatPeps	EnSpm-20_SBi_tp#DNA/CMC-EnSpm RBRM:EnSpm-20_SBi cds_range:1024-3763 [Sorghum bicolor]
EnSpm__EnSpm-21_CCri_tp	EnSpm-21_CCri_tp	EnSpm	DNA/CMC-EnSpm	1024	RepeatPeps	EnSpm-21_CCri_tp#DNA/CMC-EnSpm RBRM:EnSpm-21_CCri cds_range:1455-4527 [Chondrus crispus]
EnSpm__EnSpm-21_HMa	EnSpm-21_HMa	EnSpm	DNA/CMC-EnSpm	1048	RepeatPeps	EnSpm-21_HMa#DNA/CMC-EnSpm RBRM:EnSpm-21_HMa cds_range:909-4416 exons:909-1546;1909-4416 via genewise with EnSpm-18_HMa [Hydra vulgaris]
EnSpm__EnSpm-22_CCri_tp	EnSpm-22_CCri_tp	EnSpm	DNA/CMC-EnSpm	1025	RepeatPeps	EnSpm-22_CCri_tp#DNA/CMC-EnSpm RBRM:EnSpm-22_CCri rev:1 cds_range:3667-592 [Chondrus crispus]
EnSpm__EnSpm-22_HMa	EnSpm-22_HMa	EnSpm	DNA/CMC-EnSpm	978	RepeatPeps	EnSpm-22_HMa#DNA/CMC-EnSpm RBRM:EnSpm-22_HMa frameshifts:9 stops:3 cds_range:708-5381 exons:708-1343;1568-1709;2947-3105;3246-3403;3547-5381 via genewise with EnSpm-19_HMa [Hydra vulgaris]
EnSpm__EnSpm-22_SBi_tp	EnSpm-22_SBi_tp	EnSpm	DNA/CMC-EnSpm	1167	RepeatPeps	EnSpm-22_SBi_tp#DNA/CMC-EnSpm RBRM:EnSpm-22_SBi cds_range:1313-4814 [Sorghum bicolor]
EnSpm__EnSpm-23_CCri	EnSpm-23_CCri	EnSpm	DNA/CMC-EnSpm	1087	RepeatPeps	EnSpm-23_CCri#DNA/CMC-EnSpm RBRM:EnSpm-23_CCri cds_range:2888-6149 [Chondrus crispus]
EnSpm__EnSpm-26_CCri_2p	EnSpm-26_CCri_2p	EnSpm	DNA/CMC-EnSpm	331	RepeatPeps	EnSpm-26_CCri_2p#DNA/CMC-EnSpm RBRM:EnSpm-26_CCri rev:1 cds_range:5574-4581 [Chondrus crispus]
EnSpm__EnSpm-26_CCri_3p	EnSpm-26_CCri_3p	EnSpm	DNA/CMC-EnSpm	1123	RepeatPeps	EnSpm-26_CCri_3p#DNA/CMC-EnSpm RBRM:EnSpm-26_CCri cds_range:6197-9566 [Chondrus crispus]
EnSpm__EnSpm-26_SBi_tp	EnSpm-26_SBi_tp	EnSpm	DNA/CMC-EnSpm	846	RepeatPeps	EnSpm-26_SBi_tp#DNA/CMC-EnSpm RBRM:EnSpm-26_SBi cds_range:2725-5263 [Sorghum bicolor]
EnSpm__EnSpm-27_CCri	EnSpm-27_CCri	EnSpm	DNA/CMC-EnSpm	1110	RepeatPeps	EnSpm-27_CCri#DNA/CMC-EnSpm RBRM:EnSpm-27_CCri cds_range:5392-8722 [Chondrus crispus]
EnSpm__EnSpm-30_SBi_env	EnSpm-30_SBi_env	EnSpm	DNA/CMC-EnSpm	542	RepeatPeps	EnSpm-30_SBi_env#DNA/CMC-EnSpm RBRM:EnSpm-30_SBi rev:1 cds_range:2554-928 [Sorghum bicolor]
EnSpm__EnSpm-30_SBi_p2	EnSpm-30_SBi_p2	EnSpm	DNA/CMC-EnSpm	889	RepeatPeps	EnSpm-30_SBi_p2#DNA/CMC-EnSpm RBRM:EnSpm-30_SBi cds_range:27830-30497 [Sorghum bicolor]
EnSpm__EnSpm-34_CCri_1p	EnSpm-34_CCri_1p	EnSpm	DNA/CMC-EnSpm	448	RepeatPeps	EnSpm-34_CCri_1p#DNA/CMC-EnSpm RBRM:EnSpm-34_CCri rev:1 cds_range:6393-5049 [Chondrus crispus]
EnSpm__EnSpm-34_SBi_1p	EnSpm-34_SBi_1p	EnSpm	DNA/CMC-EnSpm	858	RepeatPeps	EnSpm-34_SBi_1p#DNA/CMC-EnSpm RBRM:EnSpm-34_SBi cds_range:1686-4260 [Sorghum bicolor]
EnSpm__EnSpm-36_SBi_1p	EnSpm-36_SBi_1p	EnSpm	DNA/CMC-EnSpm	1178	RepeatPeps	EnSpm-36_SBi_1p#DNA/CMC-EnSpm RBRM:EnSpm-36_SBi cds_range:574-4108 [Sorghum bicolor]
EnSpm__EnSpm-36_SBi_2p	EnSpm-36_SBi_2p	EnSpm	DNA/CMC-EnSpm	641	RepeatPeps	EnSpm-36_SBi_2p#DNA/CMC-EnSpm RBRM:EnSpm-36_SBi cds_range:6123-8046 [Sorghum bicolor]
EnSpm__EnSpm-39_SBi	EnSpm-39_SBi	EnSpm	DNA/CMC-EnSpm	844	RepeatPeps	EnSpm-39_SBi#DNA/CMC-EnSpm RBRM:EnSpm-39_SBi cds_range:1503-4035 [Sorghum bicolor]
EnSpm__EnSpm-40_SBi_1p	EnSpm-40_SBi_1p	EnSpm	DNA/CMC-EnSpm	859	RepeatPeps	EnSpm-40_SBi_1p#DNA/CMC-EnSpm RBRM:EnSpm-40_SBi cds_range:1350-3927 [Sorghum bicolor]
EnSpm__EnSpm-41_SBi_1p	EnSpm-41_SBi_1p	EnSpm	DNA/CMC-EnSpm	856	RepeatPeps	EnSpm-41_SBi_1p#DNA/CMC-EnSpm RBRM:EnSpm-41_SBi cds_range:1230-3798 [Sorghum bicolor]
EnSpm__EnSpm-44_SBi_1p	EnSpm-44_SBi_1p	EnSpm	DNA/CMC-EnSpm	726	RepeatPeps	EnSpm-44_SBi_1p#DNA/CMC-EnSpm RBRM:EnSpm-44_SBi cds_range:1437-3615 [Sorghum bicolor]
EnSpm__EnSpm_AC	EnSpm_AC	EnSpm	DNA/CMC-EnSpm	613	RepeatPeps	EnSpm_AC#DNA/CMC-EnSpm RBRM:ENSPM_AC frameshifts:7 cds_range:72-1908 via tfasty with EnSpm1_PT [Allium cepa]
EnSpm__EnSpm_CA	EnSpm_CA	EnSpm	DNA/CMC-EnSpm	366	RepeatPeps	EnSpm_CA#DNA/CMC-EnSpm RBRM:ENSPM_CA frameshifts:1 cds_range:10-1109 (fragment of tp only) via tfasty with EnSpm_MT [Cicer arietinum]
EnSpm__EnSpm_MT	EnSpm_MT	EnSpm	DNA/CMC-EnSpm	1186	RepeatPeps	EnSpm_MT#DNA/CMC-EnSpm RBRM:ENSPM_MT frameshifts:1 stops:1 cds_range:1876-5435 [Medicago truncatula]
EnSpm__EnSpm_OS	EnSpm_OS	EnSpm	DNA/CMC-EnSpm	1115	RepeatPeps	EnSpm_OS#DNA/CMC-EnSpm RBRM:ENSPM_OS cds_range:841-4186 [Oryza sativa]
EnSpm__OShooter_p1	OShooter_p1	EnSpm	DNA/CMC-EnSpm	891	RepeatPeps	OShooter_p1#DNA/CMC-EnSpm RBRM:OSHOOTER cds_range:4446-7119 [Oryza sativa]
EnSpm__OShooter_p2	OShooter_p2	EnSpm	DNA/CMC-EnSpm	181	RepeatPeps	OShooter_p2#DNA/CMC-EnSpm RBRM:OSHOOTER cds_range:7351-7894 [Oryza sativa]
EnSpm__PSL	PSL	EnSpm	DNA/CMC-EnSpm	1127	RepeatPeps	PSL#DNA/CMC-EnSpm RBRM:PSL cds_range:1926-5647 exons:1926-3565;3655-4336;4409-4724;4814-4914;5004-5647 genewised with ATEnSpm6 (poly E removed) [Petunia]
EnSpm__Shooter_ZM	Shooter_ZM	EnSpm	DNA/CMC-EnSpm	792	RepeatPeps	Shooter_ZM#DNA/CMC-EnSpm RBRM:SHOOTER_ZM cds_range:2681-5057 [Zea mays]
EnSpm__SmTRC1	SmTRC1	EnSpm	DNA/CMC-EnSpm	560	RepeatPeps	SmTRC1#DNA/CMC-EnSpm RBRM:SmTRC1 cds_range:877-2557 [Schistosoma mansoni]
EnSpm__SPMLIKE_p1	SPMLIKE_p1	EnSpm	DNA/CMC-EnSpm	1110	RepeatPeps	SPMLIKE_p1#DNA/CMC-EnSpm RBRM:SPMLIKE cds_range:892-4222 [Oryza sativa]
EnSpm__SPMLIKE_p2	SPMLIKE_p2	EnSpm	DNA/CMC-EnSpm	840	RepeatPeps	SPMLIKE_p2#DNA/CMC-EnSpm RBRM:SPMLIKE cds_range:6829-9444 exons:6829-8250;8345-9444 via genewise with EnSpm-4_HV_p2, 1 intron. [Oryza sativa]
EnSpm__TDC1	TDC1	EnSpm	DNA/CMC-EnSpm	520	RepeatPeps	TDC1#DNA/CMC-EnSpm RBRM:TDC1 cds_range:1373-2933 [Daucus carota]
EnSpm__EnSpm-2_CCri_4p	EnSpm-2_CCri_4p	EnSpm	DNA/CMC-EnSpm	769	RepeatPeps	EnSpm-2_CCri_4p#DNA/CMC-EnSpm RBRM:EnSpm-2_CCri rev:1 cds_range:20510-18203 [Chondrus crispus]
EnSpm__EnSpm-2_CCri_tp	EnSpm-2_CCri_tp	EnSpm	DNA/CMC-EnSpm	1268	RepeatPeps	EnSpm-2_CCri_tp#DNA/CMC-EnSpm RBRM:EnSpm-2_CCri cds_range:2976-6780 [Chondrus crispus]
EnSpm__EnSpm-2C_CCri_3p	EnSpm-2C_CCri_3p	EnSpm	DNA/CMC-EnSpm	1258	RepeatPeps	EnSpm-2C_CCri_3p#DNA/CMC-EnSpm RBRM:EnSpm-2C_CCri cds_range:10125-13899 [Chondrus crispus]
EnSpm__EnSpm-2C_CCri_4p	EnSpm-2C_CCri_4p	EnSpm	DNA/CMC-EnSpm	498	RepeatPeps	EnSpm-2C_CCri_4p#DNA/CMC-EnSpm RBRM:EnSpm-2C_CCri cds_range:14938-16432 [Chondrus crispus]
EnSpm__EnSpm-2C_CCri_mt	EnSpm-2C_CCri_mt	EnSpm	DNA/CMC-EnSpm	1003	RepeatPeps	EnSpm-2C_CCri_mt#DNA/CMC-EnSpm RBRM:EnSpm-2C_CCri rev:1 cds_range:8536-5527 (DNA methylase and SET domain) [Chondrus crispus]
EnSpm__EnSpm-3_CCri_3p	EnSpm-3_CCri_3p	EnSpm	DNA/CMC-EnSpm	1074	RepeatPeps	EnSpm-3_CCri_3p#DNA/CMC-EnSpm RBRM:EnSpm-3_CCri cds_range:9692-12914 [Chondrus crispus]
EnSpm__EnSpm-3_CCri_4p	EnSpm-3_CCri_4p	EnSpm	DNA/CMC-EnSpm	468	RepeatPeps	EnSpm-3_CCri_4p#DNA/CMC-EnSpm RBRM:EnSpm-3_CCri cds_range:13295-14699 [Chondrus crispus]
EnSpm__EnSpm-3_CCri_5p	EnSpm-3_CCri_5p	EnSpm	DNA/CMC-EnSpm	691	RepeatPeps	EnSpm-3_CCri_5p#DNA/CMC-EnSpm RBRM:EnSpm-3_CCri rev:1 cds_range:16967-14894 [Chondrus crispus]
EnSpm__EnSpm-3_CCri_mt	EnSpm-3_CCri_mt	EnSpm	DNA/CMC-EnSpm	976	RepeatPeps	EnSpm-3_CCri_mt#DNA/CMC-EnSpm RBRM:EnSpm-3_CCri rev:1 cds_range:8242-5314 (methylase and SET domain) [Chondrus crispus]
EnSpm__EnSpm-3_CCri_tp	EnSpm-3_CCri_tp	EnSpm	DNA/CMC-EnSpm	1232	RepeatPeps	EnSpm-3_CCri_tp#DNA/CMC-EnSpm RBRM:EnSpm-3_CCri cds_range:1513-5209 [Chondrus crispus]
EnSpm__EnSpm-4_CCri_1p	EnSpm-4_CCri_1p	EnSpm	DNA/CMC-EnSpm	580	RepeatPeps	EnSpm-4_CCri_1p#DNA/CMC-EnSpm RBRM:EnSpm-4_CCri rev:1 cds_range:2262-522 [Chondrus crispus]
EnSpm__EnSpm-4_CCri_3p	EnSpm-4_CCri_3p	EnSpm	DNA/CMC-EnSpm	244	RepeatPeps	EnSpm-4_CCri_3p#DNA/CMC-EnSpm RBRM:EnSpm-4_CCri cds_range:4170-4902 [Chondrus crispus]
EnSpm__EnSpm-4_CCri_tp	EnSpm-4_CCri_tp	EnSpm	DNA/CMC-EnSpm	1180	RepeatPeps	EnSpm-4_CCri_tp#DNA/CMC-EnSpm RBRM:EnSpm-4_CCri cds_range:11927-15467 [Chondrus crispus]
EnSpm__EnSpm-5_CCri_1p	EnSpm-5_CCri_1p	EnSpm	DNA/CMC-EnSpm	551	RepeatPeps	EnSpm-5_CCri_1p#DNA/CMC-EnSpm RBRM:EnSpm-5_CCri rev:1 cds_range:2016-363 [Chondrus crispus]
EnSpm__EnSpm-5_CCri_2p	EnSpm-5_CCri_2p	EnSpm	DNA/CMC-EnSpm	861	RepeatPeps	EnSpm-5_CCri_2p#DNA/CMC-EnSpm RBRM:EnSpm-5_CCri cds_range:2216-4799 [Chondrus crispus]
EnSpm__EnSpm-5_CCri_tp	EnSpm-5_CCri_tp	EnSpm	DNA/CMC-EnSpm	1322	RepeatPeps	EnSpm-5_CCri_tp#DNA/CMC-EnSpm RBRM:EnSpm-5_CCri cds_range:13594-17560 [Chondrus crispus]
EnSpm__EnSpm-6_CCri_1p	EnSpm-6_CCri_1p	EnSpm	DNA/CMC-EnSpm	834	RepeatPeps	EnSpm-6_CCri_1p#DNA/CMC-EnSpm RBRM:EnSpm-6_CCri rev:1 cds_range:3521-1019 [Chondrus crispus]
EnSpm__EnSpm-6_CCri_3p	EnSpm-6_CCri_3p	EnSpm	DNA/CMC-EnSpm	479	RepeatPeps	EnSpm-6_CCri_3p#DNA/CMC-EnSpm RBRM:EnSpm-6_CCri rev:1 cds_range:9352-7915 [Chondrus crispus]
EnSpm__EnSpm-6_CCri_tp	EnSpm-6_CCri_tp	EnSpm	DNA/CMC-EnSpm	1264	RepeatPeps	EnSpm-6_CCri_tp#DNA/CMC-EnSpm RBRM:EnSpm-6_CCri cds_range:3814-7606 [Chondrus crispus]
EnSpm__EnSpm-7_CCri_2p	EnSpm-7_CCri_2p	EnSpm	DNA/CMC-EnSpm	748	RepeatPeps	EnSpm-7_CCri_2p#DNA/CMC-EnSpm RBRM:EnSpm-7_CCri rev:1 cds_range:9030-6786 [Chondrus crispus]
EnSpm__EnSpm-7_CCri_4p	EnSpm-7_CCri_4p	EnSpm	DNA/CMC-EnSpm	366	RepeatPeps	EnSpm-7_CCri_4p#DNA/CMC-EnSpm RBRM:EnSpm-7_CCri rev:1 cds_range:15026-13928 [Chondrus crispus]
EnSpm__EnSpm-7_CCri_tp	EnSpm-7_CCri_tp	EnSpm	DNA/CMC-EnSpm	1264	RepeatPeps	EnSpm-7_CCri_tp#DNA/CMC-EnSpm RBRM:EnSpm-7_CCri cds_range:9502-13294 [Chondrus crispus]
EnSpm__EnSpm-8_CCri_2p	EnSpm-8_CCri_2p	EnSpm	DNA/CMC-EnSpm	796	RepeatPeps	EnSpm-8_CCri_2p#DNA/CMC-EnSpm RBRM:EnSpm-8_CCri rev:1 cds_range:5138-2750 [Chondrus crispus]
EnSpm__EnSpm-8_CCri_4p	EnSpm-8_CCri_4p	EnSpm	DNA/CMC-EnSpm	475	RepeatPeps	EnSpm-8_CCri_4p#DNA/CMC-EnSpm RBRM:EnSpm-8_CCri rev:1 cds_range:11104-9679 [Chondrus crispus]
EnSpm__EnSpm-8_CCri_tp	EnSpm-8_CCri_tp	EnSpm	DNA/CMC-EnSpm	1333	RepeatPeps	EnSpm-8_CCri_tp#DNA/CMC-EnSpm RBRM:EnSpm-8_CCri cds_range:5629-9628 [Chondrus crispus]
EnSpm__EnSpm-9_CCri_2p	EnSpm-9_CCri_2p	EnSpm	DNA/CMC-EnSpm	462	RepeatPeps	EnSpm-9_CCri_2p#DNA/CMC-EnSpm RBRM:EnSpm-9_CCri cds_range:8315-9701 [Chondrus crispus]
EnSpm__EnSpm-9_CCri_3p	EnSpm-9_CCri_3p	EnSpm	DNA/CMC-EnSpm	741	RepeatPeps	EnSpm-9_CCri_3p#DNA/CMC-EnSpm RBRM:EnSpm-9_CCri rev:1 cds_range:14847-12624 [Chondrus crispus]
EnSpm__EnSpm-9_CCri_tp	EnSpm-9_CCri_tp	EnSpm	DNA/CMC-EnSpm	1263	RepeatPeps	EnSpm-9_CCri_tp#DNA/CMC-EnSpm RBRM:EnSpm-9_CCri cds_range:1917-5706 [Chondrus crispus]
EnSpm__EnSpm-9D_CCri_1p	EnSpm-9D_CCri_1p	EnSpm	DNA/CMC-EnSpm	654	RepeatPeps	EnSpm-9D_CCri_1p#DNA/CMC-EnSpm RBRM:EnSpm-9D_CCri rev:1 cds_range:2371-409 [Chondrus crispus]
EnSpm__EnSpm-28_CCri_1p	EnSpm-28_CCri_1p	EnSpm	DNA/CMC-EnSpm	589	RepeatPeps	EnSpm-28_CCri_1p#DNA/CMC-EnSpm RBRM:EnSpm-28_CCri cds_range:708-2475 [Chondrus crispus]
EnSpm__EnSpm-28_CCri_4p	EnSpm-28_CCri_4p	EnSpm	DNA/CMC-EnSpm	472	RepeatPeps	EnSpm-28_CCri_4p#DNA/CMC-EnSpm RBRM:EnSpm-28_CCri rev:1 cds_range:14512-13096 [Chondrus crispus]
EnSpm__EnSpm-28B_CCri_2p	EnSpm-28B_CCri_2p	EnSpm	DNA/CMC-EnSpm	1248	RepeatPeps	EnSpm-28B_CCri_2p#DNA/CMC-EnSpm RBRM:EnSpm-28B_CCri cds_range:5244-8988 [Chondrus crispus]
EnSpm__EnSpm-28B_CCri_3p	EnSpm-28B_CCri_3p	EnSpm	DNA/CMC-EnSpm	589	RepeatPeps	EnSpm-28B_CCri_3p#DNA/CMC-EnSpm RBRM:EnSpm-28B_CCri rev:1 cds_range:12349-10582 [Chondrus crispus]
EnSpm__EnSpm-28B_CCri_4p	EnSpm-28B_CCri_4p	EnSpm	DNA/CMC-EnSpm	472	RepeatPeps	EnSpm-28B_CCri_4p#DNA/CMC-EnSpm RBRM:EnSpm-28B_CCri rev:1 cds_range:14550-13134 [Chondrus crispus]
Mirage__Mirage1_CB	Mirage1_CB	Mirage	DNA/CMC-Mirage	278	RepeatPeps	Mirage1_CB#DNA/CMC-Mirage RBRM:Mirage1_CB cds_range:2324-3158 Fragment. Mirage1_CB must hav a multi-exon coding region (e.g. there are matches to the mirage protein from 1049-1559), but genscan is thwarted by frameshifts and stopcodons [Caenorhabditis briggsae]
Transib__Transib1_AA	Transib1_AA	Transib	DNA/CMC-Transib	647	RepeatPeps	Transib1_AA#DNA/CMC-Transib RBRM:Transib1_AA cds_range:846-2937 exons:846-1476;1567-1727;1786-2937 via genewise with Transib1_Dmoj [Aedes aegypti]
Transib__Transib1_AG	Transib1_AG	Transib	DNA/CMC-Transib	708	RepeatPeps	Transib1_AG#DNA/CMC-Transib RBRM:TRANSIB1_AG cds_range:1538-3662 [Anopheles genus]
Transib__Transib1_Dmoj	Transib1_Dmoj	Transib	DNA/CMC-Transib	682	RepeatPeps	Transib1_Dmoj#DNA/CMC-Transib RBRM:Transib1_Dmoj cds_range:498-2544 [Drosophila mojavensis]
Transib__Transib1_DP	Transib1_DP	Transib	DNA/CMC-Transib	626	RepeatPeps	Transib1_DP#DNA/CMC-Transib RBRM:Transib1_DP cds_range:738-2616 [Drosophila pseudoobscura]
Transib__Transib1_Dwil	Transib1_Dwil	Transib	DNA/CMC-Transib	672	RepeatPeps	Transib1_Dwil#DNA/CMC-Transib RBRM:Transib1_Dwil cds_range:497-2513 [Drosophila willistoni]
Transib__Transib1_NVi	Transib1_NVi	Transib	DNA/CMC-Transib	652	RepeatPeps	Transib1_NVi#DNA/CMC-Transib RBRM:Transib1_NVi frameshifts:1 cds_range:1015-2970 via tfasty with Transib1_SP [Nasonia vitripennis]
Transib__Transib1_SP	Transib1_SP	Transib	DNA/CMC-Transib	676	RepeatPeps	Transib1_SP#DNA/CMC-Transib RBRM:Transib1_SP cds_range:832-3307 exons:832-1702;2149-3307 ,2151-3307 from RepBase. [Strongylocentrotus purpuratus]
Transib__Transib2_AG	Transib2_AG	Transib	DNA/CMC-Transib	657	RepeatPeps	Transib2_AG#DNA/CMC-Transib RBRM:TRANSIB2_AG frameshifts:1 stops:1 cds_range:330-2300 via tfasty with Transib1_AG_1539-36 [Anopheles genus]
Transib__Transib2_DP	Transib2_DP	Transib	DNA/CMC-Transib	633	RepeatPeps	Transib2_DP#DNA/CMC-Transib RBRM:Transib2_DP cds_range:736-2635 [Drosophila pseudoobscura]
Transib__Transib3_AG	Transib3_AG	Transib	DNA/CMC-Transib	674	RepeatPeps	Transib3_AG#DNA/CMC-Transib RBRM:TRANSIB3_AG cds_range:45-2067 [Anopheles genus]
Transib__Transib3_DP	Transib3_DP	Transib	DNA/CMC-Transib	680	RepeatPeps	Transib3_DP#DNA/CMC-Transib RBRM:Transib3_DP cds_range:431-2471 [Drosophila pseudoobscura]
Transib__Transib4_AA	Transib4_AA	Transib	DNA/CMC-Transib	242	RepeatPeps	Transib4_AA#DNA/CMC-Transib RBRM:Transib4_AA cds_range:136-862 (fragment)  [Aedes aegypti]
Transib__Transib4_DP	Transib4_DP	Transib	DNA/CMC-Transib	435	RepeatPeps	Transib4_DP#DNA/CMC-Transib RBRM:Transib4_DP (fragment)  [Drosophila pseudoobscura]
Transib__Transib5_AA	Transib5_AA	Transib	DNA/CMC-Transib	343	RepeatPeps	Transib5_AA#DNA/CMC-Transib RBRM:Transib5_AA cds_range:1-1030 (fragment)  [Aedes aegypti]
Transib__Transib-1_CQ	Transib-1_CQ	Transib	DNA/CMC-Transib	697	RepeatPeps	Transib-1_CQ#DNA/CMC-Transib RBRM:Transib-1_CQ cds_range:756-2847 [Culex quinquefasciatus]
Transib__Transib-1_DAn	Transib-1_DAn	Transib	DNA/CMC-Transib	737	RepeatPeps	Transib-1_DAn#DNA/CMC-Transib RBRM:Transib-1_DAn cds_range:455-2666 [Drosophila ananassae]
Transib__Transib-1_DF	Transib-1_DF	Transib	DNA/CMC-Transib	734	RepeatPeps	Transib-1_DF#DNA/CMC-Transib RBRM:Transib-1_DF frameshifts:1 stops:1 cds_range:450-2651 via tfasty with Transib-1_DAn [Drosophila ficusphila]
Transib__Transib-1_LHu_1p	Transib-1_LHu_1p	Transib	DNA/CMC-Transib	656	RepeatPeps	Transib-1_LHu_1p#DNA/CMC-Transib RBRM:Transib-1_LHu cds_range:1964-3932 [Linepithema humile]
Transib__Transib-2_DAn	Transib-2_DAn	Transib	DNA/CMC-Transib	725	RepeatPeps	Transib-2_DAn#DNA/CMC-Transib RBRM:Transib-2_DAn cds_range:468-2643 [Drosophila ananassae]
Transib__Transib-2_DBi	Transib-2_DBi	Transib	DNA/CMC-Transib	651	RepeatPeps	Transib-2_DBi#DNA/CMC-Transib RBRM:Transib-2_DBi frameshifts:1 cds_range:549-6177 exons:549-961;4637-6177 via tfasty with Transib1 [Drosophila biarmipes]
Transib__Transib-2_DW	Transib-2_DW	Transib	DNA/CMC-Transib	715	RepeatPeps	Transib-2_DW#DNA/CMC-Transib RBRM:Transib-2_DW cds_range:490-2635 [Drosophila willistoni]
Transib__Transib-2_HM	Transib-2_HM	Transib	DNA/CMC-Transib	671	RepeatPeps	Transib-2_HM#DNA/CMC-Transib RBRM:Transib-2_HM cds_range:871-2884 [Hydra vulgaris]
Transib__Transib-2_SIn_1p	Transib-2_SIn_1p	Transib	DNA/CMC-Transib	727	RepeatPeps	Transib-2_SIn_1p#DNA/CMC-Transib RBRM:Transib-2_SIn cds_range:416-2597 [Solenopsis invicta]
Transib__Transib-3_DAn	Transib-3_DAn	Transib	DNA/CMC-Transib	694	RepeatPeps	Transib-3_DAn#DNA/CMC-Transib RBRM:Transib-3_DAn cds_range:538-2620 [Drosophila ananassae]
Transib__Transib-3_DBp	Transib-3_DBp	Transib	DNA/CMC-Transib	696	RepeatPeps	Transib-3_DBp#DNA/CMC-Transib RBRM:Transib-3_DBp frameshifts:1 cds_range:548-2635 via tfasty with Transib2 [Drosophila bipectinata]
Transib__Transib-3_HM	Transib-3_HM	Transib	DNA/CMC-Transib	650	RepeatPeps	Transib-3_HM#DNA/CMC-Transib RBRM:Transib-3_HM cds_range:861-2811 [Hydra vulgaris]
Transib__Transib-4_DAn	Transib-4_DAn	Transib	DNA/CMC-Transib	681	RepeatPeps	Transib-4_DAn#DNA/CMC-Transib RBRM:Transib-4_DAn cds_range:477-2520 [Drosophila ananassae]
Transib__Transib-4_DBp	Transib-4_DBp	Transib	DNA/CMC-Transib	708	RepeatPeps	Transib-4_DBp#DNA/CMC-Transib RBRM:Transib-4_DBp cds_range:527-2651 [Drosophila bipectinata]
Transib__Transib-4_HM	Transib-4_HM	Transib	DNA/CMC-Transib	656	RepeatPeps	Transib-4_HM#DNA/CMC-Transib RBRM:Transib-4_HM cds_range:1360-3328 [Hydra vulgaris]
Transib__Transib-5_DAn	Transib-5_DAn	Transib	DNA/CMC-Transib	621	RepeatPeps	Transib-5_DAn#DNA/CMC-Transib RBRM:Transib-5_DAn cds_range:718-2581 [Drosophila ananassae]
Transib__Transib-5_DBi	Transib-5_DBi	Transib	DNA/CMC-Transib	682	RepeatPeps	Transib-5_DBi#DNA/CMC-Transib RBRM:Transib-5_DBi frameshifts:1 cds_range:546-2593 via tfasty with Transib2 [Drosophila biarmipes]
Transib__Transib-5_DBp	Transib-5_DBp	Transib	DNA/CMC-Transib	674	RepeatPeps	Transib-5_DBp#DNA/CMC-Transib RBRM:Transib-5_DBp frameshifts:2 stops:2 cds_range:55-2079 via tfasty with Transib-1_DAn [Drosophila bipectinata]
Transib__Transib-5_HM	Transib-5_HM	Transib	DNA/CMC-Transib	663	RepeatPeps	Transib-5_HM#DNA/CMC-Transib RBRM:Transib-5_HM cds_range:636-2625 [Hydra vulgaris]
Transib__Transib-6_DBi	Transib-6_DBi	Transib	DNA/CMC-Transib	686	RepeatPeps	Transib-6_DBi#DNA/CMC-Transib RBRM:Transib-6_DBi frameshifts:1 cds_range:525-2584 via tfasty with Transib1 [Drosophila biarmipes]
Transib__Transib-6_DBp	Transib-6_DBp	Transib	DNA/CMC-Transib	672	RepeatPeps	Transib-6_DBp#DNA/CMC-Transib RBRM:Transib-6_DBp cds_range:614-2630 [Drosophila bipectinata]
Transib__Transib-6_HM	Transib-6_HM	Transib	DNA/CMC-Transib	648	RepeatPeps	Transib-6_HM#DNA/CMC-Transib RBRM:Transib-6_HM cds_range:1042-2986 [Hydra vulgaris]
Transib__Transib-7_DAn	Transib-7_DAn	Transib	DNA/CMC-Transib	689	RepeatPeps	Transib-7_DAn#DNA/CMC-Transib RBRM:Transib-7_DAn frameshifts:1 stops:3 cds_range:642-2708 via tfasty with Transib-2_HM [Drosophila ananassae]
Transib__Transib-7_HM	Transib-7_HM	Transib	DNA/CMC-Transib	647	RepeatPeps	Transib-7_HM#DNA/CMC-Transib RBRM:Transib-7_HM cds_range:756-2697 [Hydra vulgaris]
Transib__Transib-8_DAn	Transib-8_DAn	Transib	DNA/CMC-Transib	611	RepeatPeps	Transib-8_DAn#DNA/CMC-Transib RBRM:Transib-8_DAn frameshifts:1 cds_range:757-2589 via tfasty with Transib-1_DBp [Drosophila ananassae]
Transib__Transib-8_HM	Transib-8_HM	Transib	DNA/CMC-Transib	636	RepeatPeps	Transib-8_HM#DNA/CMC-Transib RBRM:Transib-8_HM cds_range:728-2636 [Hydra vulgaris]
Transib__Transib-9_HM	Transib-9_HM	Transib	DNA/CMC-Transib	619	RepeatPeps	Transib-9_HM#DNA/CMC-Transib RBRM:Transib-9_HM frameshifts:1 stops:2 cds_range:1225-3083 via tfasty with Transib-4_HM [Hydra vulgaris]
Transib__Transib-10_HM	Transib-10_HM	Transib	DNA/CMC-Transib	561	RepeatPeps	Transib-10_HM#DNA/CMC-Transib RBRM:Transib-10_HM cds_range:1342-3025 [Hydra vulgaris]
Transib__Transib-11_HM	Transib-11_HM	Transib	DNA/CMC-Transib	651	RepeatPeps	Transib-11_HM#DNA/CMC-Transib RBRM:Transib-11_HM cds_range:1073-3026 [Hydra vulgaris]
Transib__Transib-12_HM	Transib-12_HM	Transib	DNA/CMC-Transib	654	RepeatPeps	Transib-12_HM#DNA/CMC-Transib RBRM:Transib-12_HM cds_range:1622-3584 [Hydra vulgaris]
Transib__Transib-13_HM	Transib-13_HM	Transib	DNA/CMC-Transib	742	RepeatPeps	Transib-13_HM#DNA/CMC-Transib RBRM:Transib-13_HM cds_range:488-2714 [Hydra vulgaris]
Transib__Transib-14_HM	Transib-14_HM	Transib	DNA/CMC-Transib	703	RepeatPeps	Transib-14_HM#DNA/CMC-Transib RBRM:Transib-14_HM cds_range:777-2886 [Hydra vulgaris]
Transib__Transib-15_HM	Transib-15_HM	Transib	DNA/CMC-Transib	689	RepeatPeps	Transib-15_HM#DNA/CMC-Transib RBRM:Transib-15_HM cds_range:1035-3194 exons:1035-1287;1379-3194 Via genewise with Transib-2_HM [Hydra vulgaris]
Transib__Transib-16_HM	Transib-16_HM	Transib	DNA/CMC-Transib	669	RepeatPeps	Transib-16_HM#DNA/CMC-Transib RBRM:Transib-16_HM cds_range:1013-3094 exons:1013-1255;1329-3094 Via genewise with Transib-5_HM [Hydra vulgaris]
Transib__Transib-17_HM	Transib-17_HM	Transib	DNA/CMC-Transib	649	RepeatPeps	Transib-17_HM#DNA/CMC-Transib RBRM:Transib-17_HM cds_range:1042-3089 exons:1042-1315;1415-3089 Via genewise with Transib-6_HM [Hydra vulgaris]
Transib__Transib-18_HM	Transib-18_HM	Transib	DNA/CMC-Transib	601	RepeatPeps	Transib-18_HM#DNA/CMC-Transib RBRM:Transib-18_HM cds_range:860-2732 exons:860-2168;2237-2732 via genewise with Transib-7_HM#DNA/CMC-Transib [Hydra vulgaris]
Transib__Transib-19_HM	Transib-19_HM	Transib	DNA/CMC-Transib	612	RepeatPeps	Transib-19_HM#DNA/CMC-Transib RBRM:Transib-19_HM frameshifts:1 cds_range:810-2979 exons:810-1110;1304-1393;1531-2979 via genewise with Transib-3_HM#DNA/CMC-Transib [Hydra vulgaris]
Transib__Transib-20_HM	Transib-20_HM	Transib	DNA/CMC-Transib	777	RepeatPeps	Transib-20_HM#DNA/CMC-Transib RBRM:Transib-20_HM frameshifts:1 cds_range:1136-3466 via tfasty with Transib-16_HM [Hydra vulgaris]
Transib__Transib-21_HMa	Transib-21_HMa	Transib	DNA/CMC-Transib	660	RepeatPeps	Transib-21_HMa#DNA/CMC-Transib RBRM:Transib-21_HMa cds_range:930-2910 [Hydra vulgaris]
EnSpm__ENSUPMET	ENSUPMET	EnSpm	DNA/CMC-EnSpm	940	RepeatPeps	ENSUPMET#DNA/CMC-EnSpm RBRM:ENSUPMET stops:3 cds_range:2700-5544 exons:2700-5034;5064-5544 [Medicago truncatula]
RAG1__RAG1	RAG1	RAG1	RAG1	1040	RAG1_FASTA	RAG1 AAA40028.1 recombination activating protein [Mus musculus]
